"Fri Oct 31 19:05:09 2014",	"obj/monster#3814",	"27",	"30",	"5",	"4",	"150",	"170",	"105",	"154",	"3",	"0",	
"Fri Oct 31 19:05:11 2014",	"obj/monster#3814",	"12",	"30",	"5",	"4",	"148",	"170",	"94",	"154",	"3",	"0",	
"Fri Oct 31 19:05:16 2014",	"obj/monster#3814",	"2",	"30",	"5",	"4",	"143",	"170",	"83",	"154",	"3",	"0",	
"Fri Oct 31 19:30:08 2014",	"players/jareel/monsters/YELMALIAN/blacksmith#4528",	"175",	"1000",	"50",	"75",	"194",	"194",	"178",	"178",	"20",	"12",	
"Fri Oct 31 19:31:18 2014",	"players/jareel/monsters/chaos/woods2/fiona#4601",	"353",	"800",	"52",	"51",	"194",	"194",	"178",	"178",	"20",	"12",	
"Fri Oct 31 19:39:01 2014",	"players/jareel/monsters/chaos/woods2/skeleton#4706",	"490",	"490",	"40",	"17",	"134",	"194",	"177",	"178",	"20",	"12",	
"Fri Oct 31 19:42:37 2014",	"players/jareel/monsters/chaos/woods2/skeleton#4706",	"500",	"500",	"40",	"17",	"151",	"194",	"175",	"178",	"20",	"12",	
"Fri Oct 31 19:42:39 2014",	"players/jareel/monsters/chaos/woods2/skeleton#4706",	"485",	"485",	"40",	"17",	"77",	"194",	"174",	"178",	"20",	"12",	
"Fri Oct 31 19:42:39 2014",	"players/jareel/monsters/chaos/woods2/skeleton#4706",	"478",	"478",	"40",	"17",	"77",	"194",	"174",	"178",	"20",	"12",	
"Fri Oct 31 19:50:29 2014",	"players/jareel/monsters/CALANAARROY/Chandra#4739",	"938",	"2000",	"39",	"44",	"187",	"194",	"178",	"178",	"20",	"12",	
"Fri Oct 31 19:50:31 2014",	"players/jareel/monsters/CALANAARROY/Chandra#4739",	"1020",	"2000",	"39",	"44",	"125",	"194",	"178",	"178",	"20",	"12",	
"Fri Oct 31 19:50:36 2014",	"players/jareel/monsters/CALANAARROY/Chandra#4739",	"898",	"2000",	"39",	"44",	"92",	"194",	"178",	"178",	"20",	"12",	
"Fri Oct 31 19:50:42 2014",	"players/jareel/monsters/CALANAARROY/Chandra#4739",	"684",	"2000",	"39",	"44",	"11",	"194",	"178",	"178",	"20",	"12",	
"Fri Oct 31 19:50:42 2014",	"players/jareel/monsters/CALANAARROY/Chandra#4739",	"727",	"2000",	"39",	"44",	"11",	"194",	"178",	"178",	"20",	"12",	
"Fri Oct 31 19:51:42 2014",	"players/jareel/monsters/CALANAARROY/Chandra#4739",	"1118",	"2000",	"39",	"44",	"62",	"186",	"178",	"178",	"0",	"0",	
"Fri Oct 31 19:51:58 2014",	"players/jareel/monsters/CALANAARROY/Chandra#4739",	"1152",	"2000",	"39",	"44",	"62",	"186",	"178",	"178",	"0",	"0",	
"Fri Oct 31 19:52:07 2014",	"players/jareel/monsters/CALANAARROY/Chandra#4739",	"1221",	"2000",	"39",	"44",	"62",	"186",	"178",	"178",	"0",	"0",	
"Fri Oct 31 19:52:40 2014",	"players/jareel/monsters/CALANAARROY/Chandra#4739",	"1240",	"2000",	"39",	"44",	"62",	"186",	"178",	"178",	"0",	"0",	
"Fri Oct 31 19:52:44 2014",	"players/jareel/monsters/CALANAARROY/Chandra#4739",	"1397",	"2000",	"39",	"44",	"62",	"186",	"178",	"178",	"0",	"0",	
"Fri Oct 31 19:53:03 2014",	"players/jareel/monsters/CALANAARROY/Chandra#4739",	"1267",	"2000",	"39",	"44",	"62",	"186",	"178",	"178",	"0",	"0",	
"Fri Oct 31 19:53:11 2014",	"players/jareel/monsters/CALANAARROY/Chandra#4739",	"1081",	"2000",	"39",	"44",	"62",	"186",	"178",	"178",	"0",	"0",	
"Fri Oct 31 19:53:19 2014",	"players/jareel/monsters/CALANAARROY/Chandra#4739",	"1074",	"2000",	"39",	"44",	"62",	"186",	"178",	"178",	"0",	"0",	
"Fri Oct 31 19:53:23 2014",	"players/jareel/monsters/CALANAARROY/Chandra#4739",	"1121",	"2000",	"39",	"44",	"62",	"186",	"178",	"178",	"0",	"0",	
"Fri Oct 31 20:17:23 2014",	"players/jaraxle/cave/mobs/highlevel#5024",	"260",	"589",	"27",	"20",	"186",	"186",	"178",	"178",	"20",	"11",	
"Fri Oct 31 20:17:47 2014",	"players/jaraxle/cave/mobs/highlevel#5032",	"152",	"605",	"29",	"18",	"186",	"186",	"178",	"178",	"20",	"11",	
"Fri Oct 31 20:17:57 2014",	"players/jaraxle/cave/mobs/highlevel#5031",	"321",	"537",	"29",	"18",	"186",	"186",	"178",	"178",	"20",	"11",	
"Fri Oct 31 20:19:02 2014",	"players/jaraxle/cave/mobs/highlevel#5050",	"267",	"500",	"32",	"18",	"186",	"186",	"178",	"178",	"20",	"11",	
"Fri Oct 31 20:19:02 2014",	"players/jaraxle/cave/mobs/highlevel#5050",	"267",	"500",	"32",	"18",	"186",	"186",	"178",	"178",	"20",	"11",	
"Fri Oct 31 20:19:04 2014",	"players/jaraxle/cave/mobs/highlevel#5050",	"190",	"500",	"32",	"18",	"186",	"186",	"178",	"178",	"20",	"11",	
"Fri Oct 31 20:19:44 2014",	"players/jaraxle/cave/mobs/highlevel#5056",	"272",	"593",	"45",	"30",	"186",	"186",	"178",	"178",	"20",	"11",	
"Fri Oct 31 20:19:44 2014",	"players/jaraxle/cave/mobs/highlevel#5056",	"272",	"593",	"45",	"30",	"186",	"186",	"178",	"178",	"20",	"11",	
"Fri Oct 31 20:19:46 2014",	"players/jaraxle/cave/mobs/highlevel#5056",	"183",	"593",	"45",	"30",	"186",	"186",	"178",	"178",	"20",	"11",	
"Fri Oct 31 20:20:17 2014",	"players/jaraxle/cave/mobs/highlevel#5065",	"223",	"581",	"40",	"22",	"186",	"186",	"178",	"178",	"20",	"11",	
"Fri Oct 31 20:20:17 2014",	"players/jaraxle/cave/mobs/highlevel#5065",	"223",	"581",	"40",	"22",	"186",	"186",	"178",	"178",	"20",	"11",	
"Fri Oct 31 20:20:44 2014",	"players/jaraxle/cave/mobs/highlevel#5072",	"294",	"571",	"37",	"25",	"186",	"186",	"178",	"178",	"20",	"11",	
"Fri Oct 31 20:20:55 2014",	"players/jaraxle/cave/mobs/highlevel#5071",	"234",	"485",	"36",	"12",	"186",	"186",	"178",	"178",	"20",	"11",	
"Fri Oct 31 20:20:55 2014",	"players/jaraxle/cave/mobs/highlevel#5071",	"234",	"485",	"36",	"12",	"186",	"186",	"178",	"178",	"20",	"11",	
"Fri Oct 31 20:21:40 2014",	"players/jaraxle/cave/mobs/highlevel#5082",	"359",	"615",	"34",	"10",	"186",	"186",	"178",	"178",	"20",	"11",	
"Fri Oct 31 20:21:40 2014",	"players/jaraxle/cave/mobs/highlevel#5082",	"359",	"615",	"34",	"10",	"186",	"186",	"178",	"178",	"20",	"11",	
"Fri Oct 31 20:22:56 2014",	"players/jaraxle/cave/mobs/highlevel#5107",	"186",	"608",	"35",	"25",	"186",	"186",	"178",	"178",	"20",	"11",	
"Fri Oct 31 20:31:28 2014",	"players/angel/area/stargate/npc/tealc#5104",	"84",	"2043",	"59",	"31",	"151",	"186",	"178",	"178",	"20",	"11",	
"Fri Oct 31 21:04:22 2014",	"players/pavlik/guild/mages/rooms/npc/myla#5597",	"8175",	"10000",	"80",	"80",	"210",	"210",	"202",	"202",	"60",	"11",	
"Fri Oct 31 21:04:40 2014",	"players/pavlik/guild/mages/rooms/npc/myla#5597",	"4889",	"10000",	"80",	"80",	"210",	"210",	"202",	"202",	"60",	"11",	
"Fri Oct 31 21:04:42 2014",	"players/pavlik/guild/mages/rooms/npc/myla#5597",	"4583",	"10000",	"80",	"80",	"210",	"210",	"202",	"202",	"60",	"11",	
"Fri Oct 31 21:04:42 2014",	"players/pavlik/guild/mages/rooms/npc/myla#5597",	"4583",	"10000",	"80",	"80",	"210",	"210",	"202",	"202",	"60",	"11",	
"Fri Oct 31 21:04:48 2014",	"players/pavlik/guild/mages/rooms/npc/myla#5597",	"3741",	"10000",	"80",	"80",	"210",	"210",	"202",	"202",	"60",	"11",	
"Fri Oct 31 21:06:38 2014",	"players/pavlik/guild/mages/rooms/npc/myla#5597",	"1762",	"10000",	"80",	"80",	"210",	"210",	"202",	"202",	"60",	"11",	
"Fri Oct 31 21:06:40 2014",	"players/pavlik/guild/mages/rooms/npc/myla#5597",	"1475",	"10000",	"80",	"80",	"210",	"210",	"202",	"202",	"60",	"11",	
"Fri Oct 31 21:06:44 2014",	"players/pavlik/guild/mages/rooms/npc/myla#5597",	"1063",	"10000",	"80",	"80",	"200",	"210",	"202",	"202",	"60",	"11",	
"Fri Oct 31 21:06:51 2014",	"players/pavlik/guild/mages/rooms/npc/myla#5597",	"463",	"10000",	"80",	"80",	"210",	"210",	"202",	"202",	"60",	"11",	
"Fri Oct 31 21:06:51 2014",	"players/pavlik/guild/mages/rooms/npc/myla#5597",	"463",	"10000",	"80",	"80",	"210",	"210",	"202",	"202",	"60",	"11",	
"Fri Oct 31 21:06:53 2014",	"players/pavlik/guild/mages/rooms/npc/myla#5597",	"157",	"10000",	"80",	"80",	"210",	"210",	"202",	"202",	"60",	"11",	
"Fri Oct 31 21:06:53 2014",	"players/pavlik/guild/mages/rooms/npc/myla#5597",	"157",	"10000",	"80",	"80",	"210",	"210",	"202",	"202",	"60",	"11",	
"Fri Oct 31 21:09:50 2014",	"players/jareel/monsters/chaos/woods2/tyric#5767",	"447",	"800",	"42",	"32",	"233",	"234",	"226",	"226",	"60",	"11",	
"Fri Oct 31 21:09:50 2014",	"players/jareel/monsters/chaos/woods2/tyric#5767",	"447",	"800",	"42",	"32",	"234",	"234",	"226",	"226",	"60",	"11",	
"Fri Oct 31 21:09:52 2014",	"players/jareel/monsters/chaos/woods2/tyric#5767",	"174",	"800",	"42",	"32",	"164",	"234",	"226",	"226",	"60",	"11",	
"Fri Oct 31 21:09:52 2014",	"players/jareel/monsters/chaos/woods2/tyric#5767",	"174",	"800",	"42",	"32",	"164",	"234",	"226",	"226",	"60",	"11",	
"Fri Oct 31 21:09:52 2014",	"players/jareel/monsters/chaos/woods2/tyric#5767",	"174",	"800",	"42",	"32",	"214",	"234",	"226",	"226",	"60",	"11",	
"Fri Oct 31 21:10:38 2014",	"players/angel/area/nox/npc/anteaus#5805",	"1722",	"2000",	"58",	"29",	"179",	"234",	"226",	"226",	"60",	"11",	
"Fri Oct 31 21:10:38 2014",	"players/angel/area/nox/npc/anteaus#5805",	"1574",	"2000",	"58",	"29",	"189",	"234",	"190",	"226",	"60",	"11",	
"Fri Oct 31 21:10:38 2014",	"players/angel/area/nox/npc/anteaus#5805",	"1541",	"2000",	"58",	"29",	"189",	"234",	"190",	"226",	"60",	"11",	
"Fri Oct 31 21:10:38 2014",	"players/angel/area/nox/npc/anteaus#5805",	"1541",	"2000",	"58",	"29",	"234",	"234",	"226",	"226",	"60",	"11",	
"Fri Oct 31 21:10:44 2014",	"players/angel/area/nox/npc/anteaus#5805",	"861",	"2000",	"58",	"29",	"206",	"234",	"207",	"226",	"60",	"11",	
"Fri Oct 31 21:10:44 2014",	"players/angel/area/nox/npc/anteaus#5805",	"861",	"2000",	"58",	"29",	"206",	"234",	"207",	"226",	"60",	"11",	
"Fri Oct 31 21:10:44 2014",	"players/angel/area/nox/npc/anteaus#5805",	"861",	"2000",	"58",	"29",	"234",	"234",	"226",	"226",	"60",	"11",	
"Fri Oct 31 21:10:50 2014",	"players/angel/area/nox/npc/anteaus#5805",	"134",	"2000",	"58",	"29",	"150",	"234",	"226",	"226",	"60",	"11",	
"Fri Oct 31 21:10:50 2014",	"players/angel/area/nox/npc/anteaus#5805",	"134",	"2000",	"58",	"29",	"200",	"234",	"226",	"226",	"60",	"11",	
"Fri Oct 31 21:12:47 2014",	"players/angel/area/nox/npc/lya#5846",	"1371",	"1800",	"56",	"30",	"162",	"234",	"226",	"226",	"60",	"11",	
"Fri Oct 31 21:12:47 2014",	"players/angel/area/nox/npc/lya#5846",	"1371",	"1800",	"56",	"30",	"212",	"234",	"226",	"226",	"60",	"11",	
"Fri Oct 31 21:16:48 2014",	"players/jenny/wings/mobs/closed/goodfellow#5701",	"454",	"1000",	"44",	"20",	"204",	"234",	"226",	"226",	"60",	"11",	
"Fri Oct 31 21:16:48 2014",	"players/jenny/wings/mobs/closed/goodfellow#5701",	"454",	"1000",	"44",	"20",	"204",	"234",	"226",	"226",	"60",	"11",	
"Fri Oct 31 21:16:48 2014",	"players/jenny/wings/mobs/closed/goodfellow#5701",	"454",	"1000",	"44",	"20",	"234",	"234",	"226",	"226",	"60",	"11",	
"Fri Oct 31 21:17:16 2014",	"players/jenny/wings/mobs/closed/abel#5345",	"533",	"1370",	"50",	"25",	"199",	"234",	"199",	"226",	"60",	"11",	
"Fri Oct 31 21:17:16 2014",	"players/jenny/wings/mobs/closed/abel#5345",	"533",	"1370",	"50",	"25",	"199",	"234",	"199",	"226",	"60",	"11",	
"Fri Oct 31 21:17:16 2014",	"players/jenny/wings/mobs/closed/abel#5345",	"533",	"1370",	"50",	"25",	"234",	"234",	"226",	"226",	"60",	"11",	
"Fri Oct 31 21:22:22 2014",	"players/jareel/monsters/chaos/woods2/smith#5743",	"565",	"750",	"20",	"60",	"231",	"234",	"226",	"226",	"60",	"11",	
"Fri Oct 31 21:22:22 2014",	"players/jareel/monsters/chaos/woods2/smith#5743",	"565",	"750",	"20",	"60",	"231",	"234",	"226",	"226",	"60",	"11",	
"Fri Oct 31 21:22:22 2014",	"players/jareel/monsters/chaos/woods2/smith#5743",	"565",	"750",	"20",	"60",	"234",	"234",	"226",	"226",	"60",	"11",	
"Fri Oct 31 21:22:26 2014",	"players/jareel/monsters/chaos/woods2/smith#5743",	"111",	"750",	"20",	"60",	"234",	"234",	"226",	"226",	"60",	"11",	
"Fri Oct 31 21:22:26 2014",	"players/jareel/monsters/chaos/woods2/smith#5743",	"111",	"750",	"20",	"60",	"234",	"234",	"226",	"226",	"60",	"11",	
"Fri Oct 31 21:22:26 2014",	"players/jareel/monsters/chaos/woods2/smith#5743",	"111",	"750",	"20",	"60",	"234",	"234",	"226",	"226",	"60",	"11",	
"Sat Nov  1 12:33:45 2014",	"players/catt/NPC/TEM_missionary#2363",	"44",	"100",	"9",	"5",	"220",	"242",	"154",	"234",	"20",	"11",	
"Sat Nov  1 12:33:47 2014",	"players/catt/NPC/TEM_missionary#2363",	"26",	"100",	"9",	"5",	"218",	"242",	"149",	"234",	"20",	"11",	
"Sat Nov  1 12:33:52 2014",	"players/catt/NPC/TEM_missionary#2363",	"17",	"100",	"9",	"5",	"212",	"242",	"146",	"234",	"20",	"11",	
"Sat Nov  1 12:36:59 2014",	"players/catt/NPC/TEM_missionary#2359",	"37",	"100",	"9",	"5",	"159",	"242",	"159",	"234",	"20",	"11",	
"Sat Nov  1 12:37:41 2014",	"players/catt/NPC/TEM_missionary#2357",	"91",	"100",	"9",	"5",	"158",	"242",	"163",	"234",	"20",	"11",	
"Sat Nov  1 12:38:16 2014",	"players/catt/NPC/TEM_missionary#2355",	"95",	"100",	"9",	"5",	"148",	"242",	"168",	"234",	"20",	"11",	
"Sat Nov  1 12:38:18 2014",	"players/catt/NPC/TEM_missionary#2355",	"57",	"100",	"9",	"5",	"147",	"242",	"167",	"234",	"20",	"11",	
"Sat Nov  1 15:36:24 2014",	"players/khrell/monster/skaven/warprat#3425",	"188",	"200",	"30",	"10",	"242",	"242",	"234",	"234",	"20",	"11",	
"Sat Nov  1 15:37:15 2014",	"players/khrell/monster/skaven/clanrat#3446",	"92",	"450",	"28",	"20",	"242",	"242",	"234",	"234",	"20",	"11",	
"Sat Nov  1 15:38:32 2014",	"players/khrell/monster/skaven/clanrat#3469",	"141",	"450",	"28",	"20",	"237",	"242",	"229",	"234",	"20",	"11",	
"Sat Nov  1 15:38:38 2014",	"players/khrell/monster/skaven/clanrat#3469",	"35",	"450",	"28",	"20",	"236",	"242",	"228",	"234",	"20",	"11",	
"Sat Nov  1 15:38:38 2014",	"players/khrell/monster/skaven/clanrat#3469",	"35",	"450",	"28",	"20",	"236",	"242",	"228",	"234",	"20",	"11",	
"Sat Nov  1 15:38:38 2014",	"players/khrell/monster/skaven/clanrat#3469",	"35",	"450",	"28",	"20",	"236",	"242",	"228",	"234",	"20",	"11",	
"Sat Nov  1 15:38:38 2014",	"players/khrell/monster/skaven/clanrat#3469",	"35",	"450",	"28",	"20",	"236",	"242",	"228",	"234",	"20",	"11",	
"Sat Nov  1 15:42:05 2014",	"players/khrell/monster/skaven/warlord#3533",	"1200",	"1200",	"56",	"54",	"181",	"242",	"234",	"234",	"20",	"11",	
"Sat Nov  1 15:43:45 2014",	"players/khrell/monster/skaven/warlord#3533",	"813",	"1200",	"56",	"54",	"242",	"242",	"234",	"234",	"20",	"11",	
"Sat Nov  1 15:43:51 2014",	"players/khrell/monster/skaven/warlord#3533",	"467",	"1200",	"56",	"54",	"242",	"242",	"234",	"234",	"20",	"11",	
"Sat Nov  1 15:43:51 2014",	"players/khrell/monster/skaven/warlord#3533",	"467",	"1200",	"56",	"54",	"242",	"242",	"234",	"234",	"20",	"11",	
"Sat Nov  1 15:44:04 2014",	"players/khrell/monster/skaven/warlord#3533",	"63",	"1200",	"56",	"54",	"225",	"242",	"234",	"234",	"20",	"11",	
"Sat Nov  1 15:44:04 2014",	"players/khrell/monster/skaven/warlord#3533",	"63",	"1200",	"56",	"54",	"225",	"242",	"234",	"234",	"20",	"11",	
"Sat Nov  1 15:44:06 2014",	"players/khrell/monster/skaven/warlord#3533",	"8",	"1200",	"56",	"54",	"225",	"242",	"234",	"234",	"20",	"11",	
"Sat Nov  1 15:44:54 2014",	"players/khrell/monster/skaven/stormvermin#3521",	"42",	"550",	"32",	"44",	"237",	"242",	"229",	"234",	"20",	"11",	
"Sat Nov  1 15:44:54 2014",	"players/khrell/monster/skaven/stormvermin#3521",	"42",	"550",	"32",	"44",	"237",	"242",	"229",	"234",	"20",	"11",	
"Sat Nov  1 15:45:26 2014",	"players/khrell/monster/skaven/stormvermin#3515",	"90",	"550",	"32",	"44",	"238",	"242",	"230",	"234",	"20",	"11",	
"Sat Nov  1 15:45:26 2014",	"players/khrell/monster/skaven/stormvermin#3515",	"90",	"550",	"32",	"44",	"238",	"242",	"230",	"234",	"20",	"11",	
"Sat Nov  1 15:45:35 2014",	"players/khrell/monster/skaven/stormvermin#3515",	"30",	"550",	"32",	"44",	"236",	"242",	"228",	"234",	"20",	"11",	
"Sat Nov  1 15:45:35 2014",	"players/khrell/monster/skaven/stormvermin#3515",	"30",	"550",	"32",	"44",	"236",	"242",	"228",	"234",	"20",	"11",	
"Sat Nov  1 15:50:38 2014",	"players/mosobp/areas/TOWER/NPC/yamcha#3622",	"347",	"600",	"30",	"15",	"232",	"242",	"227",	"234",	"20",	"11",	
"Sat Nov  1 15:50:38 2014",	"players/mosobp/areas/TOWER/NPC/yamcha#3622",	"347",	"600",	"30",	"15",	"242",	"242",	"234",	"234",	"20",	"11",	
"Sat Nov  1 15:51:15 2014",	"players/mosobp/areas/TOWER/NPC/nappa#3630",	"140",	"629",	"30",	"23",	"238",	"242",	"230",	"234",	"20",	"11",	
"Sat Nov  1 15:51:15 2014",	"players/mosobp/areas/TOWER/NPC/nappa#3630",	"140",	"629",	"30",	"23",	"238",	"242",	"230",	"234",	"20",	"11",	
"Sun Nov  2 11:22:33 2014",	"players/catt/NPC/TEM_missionary#2082",	"42",	"100",	"9",	"5",	"230",	"296",	"180",	"240",	"20",	"11",	
"Sun Nov  2 11:23:23 2014",	"players/catt/NPC/TEM_missionary#2080",	"65",	"100",	"9",	"5",	"207",	"296",	"196",	"240",	"20",	"11",	
"Sun Nov  2 11:23:23 2014",	"players/catt/NPC/TEM_missionary#2080",	"65",	"100",	"9",	"5",	"207",	"296",	"196",	"240",	"20",	"11",	
"Sun Nov  2 11:23:25 2014",	"players/catt/NPC/TEM_missionary#2080",	"59",	"100",	"9",	"5",	"204",	"296",	"185",	"240",	"20",	"11",	
"Sun Nov  2 11:23:27 2014",	"players/catt/NPC/TEM_missionary#2080",	"47",	"100",	"9",	"5",	"203",	"296",	"175",	"240",	"20",	"11",	
"Sun Nov  2 11:23:27 2014",	"players/catt/NPC/TEM_missionary#2080",	"47",	"100",	"9",	"5",	"203",	"296",	"175",	"240",	"20",	"11",	
"Sun Nov  2 11:24:38 2014",	"players/trix/castle/primonst/altarboy#2438",	"173",	"210",	"18",	"11",	"187",	"296",	"162",	"240",	"20",	"11",	
"Sun Nov  2 11:24:40 2014",	"players/trix/castle/primonst/altarboy#2438",	"167",	"210",	"18",	"11",	"186",	"296",	"151",	"240",	"20",	"11",	
"Sun Nov  2 11:24:40 2014",	"players/trix/castle/primonst/altarboy#2438",	"167",	"210",	"18",	"11",	"186",	"296",	"151",	"240",	"20",	"11",	
"Sun Nov  2 11:24:42 2014",	"players/trix/castle/primonst/altarboy#2438",	"151",	"210",	"18",	"11",	"183",	"296",	"141",	"240",	"20",	"11",	
"Sun Nov  2 11:24:44 2014",	"players/trix/castle/primonst/altarboy#2438",	"113",	"210",	"18",	"11",	"167",	"296",	"130",	"240",	"20",	"11",	
"Sun Nov  2 11:24:44 2014",	"players/trix/castle/primonst/altarboy#2438",	"113",	"210",	"18",	"11",	"167",	"296",	"130",	"240",	"20",	"11",	
"Sun Nov  2 11:24:48 2014",	"players/trix/castle/primonst/altarboy#2438",	"86",	"210",	"18",	"11",	"156",	"296",	"119",	"240",	"20",	"11",	
"Sun Nov  2 11:24:48 2014",	"players/trix/castle/primonst/altarboy#2438",	"86",	"210",	"18",	"11",	"156",	"296",	"119",	"240",	"20",	"11",	
"Sun Nov  2 11:24:50 2014",	"players/trix/castle/primonst/altarboy#2438",	"67",	"210",	"18",	"11",	"148",	"296",	"109",	"240",	"20",	"11",	
"Sun Nov  2 11:24:54 2014",	"players/trix/castle/primonst/altarboy#2438",	"41",	"210",	"18",	"11",	"140",	"296",	"98",	"240",	"20",	"11",	
"Sun Nov  2 11:24:56 2014",	"players/trix/castle/primonst/altarboy#2438",	"25",	"210",	"18",	"11",	"137",	"296",	"87",	"240",	"20",	"11",	
"Sun Nov  2 11:24:56 2014",	"players/trix/castle/primonst/altarboy#2438",	"25",	"210",	"18",	"11",	"137",	"296",	"87",	"240",	"20",	"11",	
"Sun Nov  2 11:24:58 2014",	"players/trix/castle/primonst/altarboy#2438",	"6",	"210",	"18",	"11",	"129",	"296",	"84",	"240",	"20",	"11",	
"Sun Nov  2 21:39:03 2014",	"players/mizan/opl/beasties/easy/giraffe#6613",	"4483",	"4500",	"88",	"39",	"161",	"296",	"240",	"240",	"20",	"11",	
"Sun Nov  2 21:51:11 2014",	"players/catt/NPC/TEM_missionary#6480",	"49",	"100",	"9",	"5",	"265",	"292",	"225",	"226",	"20",	"11",	
"Sun Nov  2 21:51:11 2014",	"players/catt/NPC/TEM_missionary#6480",	"49",	"100",	"9",	"5",	"292",	"292",	"226",	"226",	"20",	"11",	
"Sun Nov  2 21:51:15 2014",	"players/catt/NPC/TEM_missionary#6480",	"38",	"100",	"9",	"5",	"284",	"292",	"225",	"226",	"20",	"11",	
"Sun Nov  2 21:51:19 2014",	"players/catt/NPC/TEM_missionary#6480",	"15",	"100",	"9",	"5",	"278",	"292",	"224",	"226",	"20",	"11",	
"Sun Nov  2 21:53:14 2014",	"players/trix/castle/primonst/nun#2402",	"39",	"75",	"9",	"7",	"283",	"292",	"225",	"226",	"20",	"11",	
"Sun Nov  2 21:53:14 2014",	"players/trix/castle/primonst/nun#2402",	"39",	"75",	"9",	"7",	"283",	"292",	"225",	"226",	"20",	"11",	
"Sun Nov  2 21:53:16 2014",	"players/trix/castle/primonst/nun#2402",	"30",	"75",	"9",	"7",	"282",	"292",	"225",	"226",	"20",	"11",	
"Sun Nov  2 21:53:26 2014",	"players/trix/castle/primonst/nun#2402",	"2",	"75",	"9",	"7",	"272",	"292",	"213",	"226",	"20",	"11",	
"Sun Nov  2 21:53:26 2014",	"players/trix/castle/primonst/nun#2402",	"2",	"75",	"9",	"7",	"272",	"292",	"213",	"226",	"20",	"11",	
"Sun Nov  2 21:53:48 2014",	"players/trix/castle/primonst/altarboy#6834",	"207",	"210",	"18",	"11",	"291",	"292",	"225",	"226",	"20",	"11",	
"Sun Nov  2 21:53:58 2014",	"players/trix/castle/primonst/altarboy#6834",	"179",	"210",	"18",	"11",	"265",	"292",	"222",	"226",	"20",	"11",	
"Sun Nov  2 21:54:16 2014",	"players/trix/castle/primonst/altarboy#6834",	"121",	"210",	"18",	"10",	"224",	"292",	"218",	"226",	"20",	"11",	
"Sun Nov  2 21:54:18 2014",	"players/trix/castle/primonst/altarboy#6834",	"115",	"210",	"18",	"9",	"221",	"292",	"222",	"226",	"20",	"11",	
"Sun Nov  2 21:54:41 2014",	"players/trix/castle/primonst/altarboy#6834",	"31",	"210",	"18",	"9",	"136",	"292",	"223",	"226",	"20",	"11",	
"Sun Nov  2 21:57:00 2014",	"players/trix/castle/primonst/altarboy#6832",	"176",	"210",	"18",	"11",	"265",	"292",	"226",	"226",	"20",	"11",	
"Sun Nov  2 21:57:10 2014",	"players/trix/castle/primonst/altarboy#6832",	"157",	"210",	"18",	"11",	"242",	"292",	"223",	"226",	"20",	"11",	
"Sun Nov  2 21:57:38 2014",	"players/trix/castle/primonst/altarboy#6832",	"46",	"210",	"18",	"10",	"149",	"292",	"225",	"226",	"20",	"11",	
"Sun Nov  2 21:57:48 2014",	"players/trix/castle/primonst/altarboy#6832",	"11",	"210",	"18",	"9",	"110",	"292",	"222",	"226",	"20",	"11",	
"Sun Nov  2 21:57:48 2014",	"players/trix/castle/primonst/altarboy#6832",	"11",	"210",	"18",	"9",	"110",	"292",	"222",	"226",	"20",	"11",	
"Sun Nov  2 21:57:48 2014",	"players/trix/castle/primonst/altarboy#6832",	"11",	"210",	"18",	"9",	"160",	"292",	"226",	"226",	"20",	"11",	
"Sun Nov  2 21:59:02 2014",	"players/trix/castle/primonst/altarboy#6830",	"202",	"210",	"18",	"11",	"283",	"292",	"226",	"226",	"20",	"11",	
"Sun Nov  2 21:59:04 2014",	"players/trix/castle/primonst/altarboy#6830",	"192",	"210",	"18",	"11",	"282",	"292",	"215",	"226",	"20",	"11",	
"Sun Nov  2 21:59:04 2014",	"players/trix/castle/primonst/altarboy#6830",	"192",	"210",	"18",	"11",	"282",	"292",	"215",	"226",	"20",	"11",	
"Sun Nov  2 21:59:04 2014",	"players/trix/castle/primonst/altarboy#6830",	"192",	"210",	"18",	"11",	"282",	"292",	"215",	"226",	"20",	"11",	
"Sun Nov  2 21:59:04 2014",	"players/trix/castle/primonst/altarboy#6830",	"192",	"210",	"18",	"11",	"282",	"292",	"215",	"226",	"20",	"11",	
"Sun Nov  2 21:59:06 2014",	"players/trix/castle/primonst/altarboy#6830",	"163",	"210",	"18",	"11",	"281",	"292",	"205",	"226",	"20",	"11",	
"Sun Nov  2 21:59:08 2014",	"players/trix/castle/primonst/altarboy#6830",	"152",	"210",	"18",	"11",	"280",	"292",	"194",	"226",	"20",	"11",	
"Sun Nov  2 21:59:08 2014",	"players/trix/castle/primonst/altarboy#6830",	"152",	"210",	"18",	"11",	"280",	"292",	"194",	"226",	"20",	"11",	
"Sun Nov  2 21:59:10 2014",	"players/trix/castle/primonst/altarboy#6830",	"133",	"210",	"18",	"11",	"280",	"292",	"184",	"226",	"20",	"11",	
"Sun Nov  2 21:59:12 2014",	"players/trix/castle/primonst/altarboy#6830",	"116",	"210",	"18",	"11",	"275",	"292",	"173",	"226",	"20",	"11",	
"Sun Nov  2 21:59:12 2014",	"players/trix/castle/primonst/altarboy#6830",	"116",	"210",	"18",	"11",	"275",	"292",	"173",	"226",	"20",	"11",	
"Sun Nov  2 21:59:14 2014",	"players/trix/castle/primonst/altarboy#6830",	"99",	"210",	"18",	"11",	"264",	"292",	"163",	"226",	"20",	"11",	
"Sun Nov  2 21:59:16 2014",	"players/trix/castle/primonst/altarboy#6830",	"91",	"210",	"18",	"11",	"246",	"292",	"152",	"226",	"20",	"11",	
"Sun Nov  2 21:59:16 2014",	"players/trix/castle/primonst/altarboy#6830",	"91",	"210",	"18",	"11",	"246",	"292",	"152",	"226",	"20",	"11",	
"Sun Nov  2 21:59:18 2014",	"players/trix/castle/primonst/altarboy#6830",	"83",	"210",	"18",	"11",	"246",	"292",	"142",	"226",	"20",	"11",	
"Sun Nov  2 21:59:20 2014",	"players/trix/castle/primonst/altarboy#6830",	"69",	"210",	"18",	"11",	"245",	"292",	"131",	"226",	"20",	"11",	
"Sun Nov  2 21:59:20 2014",	"players/trix/castle/primonst/altarboy#6830",	"69",	"210",	"18",	"11",	"245",	"292",	"131",	"226",	"20",	"11",	
"Sun Nov  2 21:59:22 2014",	"players/trix/castle/primonst/altarboy#6830",	"51",	"210",	"18",	"11",	"245",	"292",	"121",	"226",	"20",	"11",	
"Sun Nov  2 21:59:26 2014",	"players/trix/castle/primonst/altarboy#6830",	"22",	"210",	"18",	"11",	"244",	"292",	"110",	"226",	"20",	"11",	
"Sun Nov  2 21:59:26 2014",	"players/trix/castle/primonst/altarboy#6830",	"22",	"210",	"18",	"11",	"244",	"292",	"110",	"226",	"20",	"11",	
"Sun Nov  2 21:59:30 2014",	"players/trix/castle/primonst/altarboy#6830",	"8",	"210",	"18",	"11",	"231",	"292",	"99",	"226",	"20",	"11",	
"Sun Nov  2 21:59:55 2014",	"players/trix/castle/primonst/altarboy#6828",	"178",	"210",	"18",	"11",	"271",	"292",	"143",	"226",	"20",	"11",	
"Sun Nov  2 21:59:57 2014",	"players/trix/castle/primonst/altarboy#6828",	"154",	"210",	"18",	"11",	"260",	"292",	"138",	"226",	"20",	"11",	
"Sun Nov  2 21:59:57 2014",	"players/trix/castle/primonst/altarboy#6828",	"154",	"210",	"18",	"11",	"260",	"292",	"138",	"226",	"20",	"11",	
"Sun Nov  2 21:59:59 2014",	"players/trix/castle/primonst/altarboy#6828",	"138",	"210",	"18",	"11",	"257",	"292",	"128",	"226",	"20",	"11",	
"Sun Nov  2 21:59:59 2014",	"players/trix/castle/primonst/altarboy#6828",	"138",	"210",	"18",	"11",	"257",	"292",	"128",	"226",	"20",	"11",	
"Sun Nov  2 22:00:01 2014",	"players/trix/castle/primonst/altarboy#6828",	"118",	"210",	"18",	"11",	"242",	"292",	"117",	"226",	"20",	"11",	
"Sun Nov  2 22:00:01 2014",	"players/trix/castle/primonst/altarboy#6828",	"118",	"210",	"18",	"11",	"242",	"292",	"117",	"226",	"20",	"11",	
"Sun Nov  2 22:00:03 2014",	"players/trix/castle/primonst/altarboy#6828",	"95",	"210",	"18",	"11",	"242",	"292",	"107",	"226",	"20",	"11",	
"Sun Nov  2 22:00:05 2014",	"players/trix/castle/primonst/altarboy#6828",	"90",	"210",	"18",	"11",	"241",	"292",	"96",	"226",	"20",	"11",	
"Sun Nov  2 22:00:05 2014",	"players/trix/castle/primonst/altarboy#6828",	"90",	"210",	"18",	"11",	"241",	"292",	"96",	"226",	"20",	"11",	
"Sun Nov  2 22:00:07 2014",	"players/trix/castle/primonst/altarboy#6828",	"78",	"210",	"18",	"11",	"241",	"292",	"86",	"226",	"20",	"11",	
"Sun Nov  2 22:00:09 2014",	"players/trix/castle/primonst/altarboy#6828",	"58",	"210",	"18",	"10",	"233",	"292",	"75",	"226",	"20",	"11",	
"Sun Nov  2 22:00:09 2014",	"players/trix/castle/primonst/altarboy#6828",	"58",	"210",	"18",	"10",	"233",	"292",	"75",	"226",	"20",	"11",	
"Sun Nov  2 22:00:11 2014",	"players/trix/castle/primonst/altarboy#6828",	"41",	"210",	"18",	"10",	"230",	"292",	"65",	"226",	"20",	"11",	
"Sun Nov  2 22:00:13 2014",	"players/trix/castle/primonst/altarboy#6828",	"23",	"210",	"18",	"10",	"229",	"292",	"60",	"226",	"20",	"11",	
"Sun Nov  2 22:00:13 2014",	"players/trix/castle/primonst/altarboy#6828",	"23",	"210",	"18",	"10",	"229",	"292",	"60",	"226",	"20",	"11",	
"Sun Nov  2 22:00:29 2014",	"players/trix/castle/primonst/altarboy#6826",	"195",	"210",	"18",	"11",	"285",	"292",	"106",	"226",	"20",	"11",	
"Sun Nov  2 22:00:29 2014",	"players/trix/castle/primonst/altarboy#6826",	"195",	"210",	"18",	"11",	"285",	"292",	"106",	"226",	"20",	"11",	
"Sun Nov  2 22:00:31 2014",	"players/trix/castle/primonst/altarboy#6826",	"167",	"210",	"18",	"11",	"285",	"292",	"96",	"226",	"20",	"11",	
"Sun Nov  2 22:00:33 2014",	"players/trix/castle/primonst/altarboy#6826",	"155",	"210",	"18",	"11",	"283",	"292",	"92",	"226",	"20",	"11",	
"Sun Nov  2 22:00:33 2014",	"players/trix/castle/primonst/altarboy#6826",	"155",	"210",	"18",	"11",	"283",	"292",	"92",	"226",	"20",	"11",	
"Sun Nov  2 22:00:33 2014",	"players/trix/castle/primonst/altarboy#6826",	"155",	"210",	"18",	"11",	"283",	"292",	"92",	"226",	"20",	"11",	
"Sun Nov  2 22:00:33 2014",	"players/trix/castle/primonst/altarboy#6826",	"155",	"210",	"18",	"11",	"283",	"292",	"92",	"226",	"20",	"11",	
"Sun Nov  2 22:00:35 2014",	"players/trix/castle/primonst/altarboy#6826",	"140",	"210",	"18",	"11",	"283",	"292",	"82",	"226",	"20",	"11",	
"Sun Nov  2 22:00:37 2014",	"players/trix/castle/primonst/altarboy#6826",	"110",	"210",	"18",	"11",	"281",	"292",	"71",	"226",	"20",	"11",	
"Sun Nov  2 22:00:37 2014",	"players/trix/castle/primonst/altarboy#6826",	"110",	"210",	"18",	"11",	"281",	"292",	"71",	"226",	"20",	"11",	
"Sun Nov  2 22:00:41 2014",	"players/trix/castle/primonst/altarboy#6826",	"98",	"210",	"18",	"11",	"266",	"292",	"60",	"226",	"20",	"11",	
"Sun Nov  2 22:00:41 2014",	"players/trix/castle/primonst/altarboy#6826",	"98",	"210",	"18",	"11",	"266",	"292",	"60",	"226",	"20",	"11",	
"Sun Nov  2 22:00:43 2014",	"players/trix/castle/primonst/altarboy#6826",	"93",	"210",	"18",	"11",	"260",	"292",	"50",	"226",	"20",	"11",	
"Sun Nov  2 22:00:47 2014",	"players/trix/castle/primonst/altarboy#6826",	"61",	"210",	"18",	"10",	"256",	"292",	"49",	"226",	"20",	"11",	
"Sun Nov  2 22:00:49 2014",	"players/trix/castle/primonst/altarboy#6826",	"50",	"210",	"18",	"10",	"248",	"292",	"38",	"226",	"20",	"11",	
"Sun Nov  2 22:00:49 2014",	"players/trix/castle/primonst/altarboy#6826",	"50",	"210",	"18",	"10",	"248",	"292",	"38",	"226",	"20",	"11",	
"Sun Nov  2 22:00:51 2014",	"players/trix/castle/primonst/altarboy#6826",	"34",	"210",	"18",	"10",	"248",	"292",	"28",	"226",	"20",	"11",	
"Sun Nov  2 22:00:55 2014",	"players/trix/castle/primonst/altarboy#6826",	"22",	"210",	"18",	"10",	"226",	"292",	"17",	"226",	"20",	"11",	
"Sun Nov  2 22:01:45 2014",	"players/trix/castle/primonst/altarboy#6934",	"153",	"210",	"18",	"11",	"204",	"292",	"59",	"226",	"20",	"11",	
"Sun Nov  2 22:01:53 2014",	"players/trix/castle/primonst/altarboy#6934",	"109",	"210",	"18",	"11",	"186",	"292",	"56",	"226",	"20",	"11",	
"Sun Nov  2 22:01:53 2014",	"players/trix/castle/primonst/altarboy#6934",	"109",	"210",	"18",	"11",	"186",	"292",	"56",	"226",	"20",	"11",	
"Sun Nov  2 22:01:55 2014",	"players/trix/castle/primonst/altarboy#6934",	"100",	"210",	"18",	"11",	"180",	"292",	"46",	"226",	"20",	"11",	
"Sun Nov  2 22:01:57 2014",	"players/trix/castle/primonst/altarboy#6934",	"82",	"210",	"18",	"11",	"174",	"292",	"35",	"226",	"20",	"11",	
"Sun Nov  2 22:01:57 2014",	"players/trix/castle/primonst/altarboy#6934",	"82",	"210",	"18",	"11",	"174",	"292",	"35",	"226",	"20",	"11",	
"Sun Nov  2 22:01:59 2014",	"players/trix/castle/primonst/altarboy#6934",	"76",	"210",	"18",	"11",	"171",	"292",	"31",	"226",	"20",	"11",	
"Sun Nov  2 22:02:01 2014",	"players/trix/castle/primonst/altarboy#6934",	"61",	"210",	"18",	"11",	"170",	"292",	"23",	"226",	"20",	"11",	
"Sun Nov  2 22:02:01 2014",	"players/trix/castle/primonst/altarboy#6934",	"61",	"210",	"18",	"11",	"170",	"292",	"23",	"226",	"20",	"11",	
"Sun Nov  2 22:02:05 2014",	"players/trix/castle/primonst/altarboy#6934",	"46",	"210",	"18",	"11",	"167",	"292",	"16",	"226",	"20",	"11",	
"Sun Nov  2 22:02:05 2014",	"players/trix/castle/primonst/altarboy#6934",	"46",	"210",	"18",	"11",	"167",	"292",	"16",	"226",	"20",	"11",	
"Sun Nov  2 22:02:11 2014",	"players/trix/castle/primonst/altarboy#6934",	"20",	"210",	"18",	"11",	"158",	"292",	"8",	"226",	"20",	"11",	
"Sun Nov  2 22:02:11 2014",	"players/trix/castle/primonst/altarboy#6934",	"20",	"210",	"18",	"11",	"208",	"292",	"58",	"226",	"20",	"11",	
"Sun Nov  2 22:02:15 2014",	"players/trix/castle/primonst/altarboy#6934",	"3",	"210",	"18",	"11",	"198",	"292",	"64",	"226",	"20",	"11",	
"Sun Nov  2 22:03:16 2014",	"players/trix/castle/primonst/altarboy#6932",	"201",	"210",	"18",	"11",	"290",	"292",	"200",	"226",	"20",	"11",	
"Sun Nov  2 22:03:18 2014",	"players/trix/castle/primonst/altarboy#6932",	"201",	"210",	"18",	"11",	"290",	"292",	"200",	"226",	"20",	"11",	
"Sun Nov  2 22:03:18 2014",	"players/trix/castle/primonst/altarboy#6932",	"195",	"210",	"18",	"11",	"278",	"292",	"189",	"226",	"20",	"11",	
"Sun Nov  2 22:03:18 2014",	"players/trix/castle/primonst/altarboy#6932",	"195",	"210",	"18",	"11",	"278",	"292",	"189",	"226",	"20",	"11",	
"Sun Nov  2 22:03:20 2014",	"players/trix/castle/primonst/altarboy#6932",	"170",	"210",	"18",	"11",	"267",	"292",	"179",	"226",	"20",	"11",	
"Sun Nov  2 22:03:20 2014",	"players/trix/castle/primonst/altarboy#6932",	"170",	"210",	"18",	"11",	"267",	"292",	"179",	"226",	"20",	"11",	
"Sun Nov  2 22:03:22 2014",	"players/trix/castle/primonst/altarboy#6932",	"159",	"210",	"18",	"11",	"259",	"292",	"168",	"226",	"20",	"11",	
"Sun Nov  2 22:03:22 2014",	"players/trix/castle/primonst/altarboy#6932",	"159",	"210",	"18",	"11",	"259",	"292",	"168",	"226",	"20",	"11",	
"Sun Nov  2 22:03:24 2014",	"players/trix/castle/primonst/altarboy#6932",	"146",	"210",	"18",	"11",	"259",	"292",	"161",	"226",	"20",	"11",	
"Sun Nov  2 22:03:24 2014",	"players/trix/castle/primonst/altarboy#6932",	"146",	"210",	"18",	"11",	"259",	"292",	"161",	"226",	"20",	"11",	
"Sun Nov  2 22:03:26 2014",	"players/trix/castle/primonst/altarboy#6932",	"111",	"210",	"18",	"11",	"257",	"292",	"150",	"226",	"20",	"11",	
"Sun Nov  2 22:03:26 2014",	"players/trix/castle/primonst/altarboy#6932",	"111",	"210",	"18",	"11",	"257",	"292",	"150",	"226",	"20",	"11",	
"Sun Nov  2 22:03:26 2014",	"players/trix/castle/primonst/altarboy#6932",	"111",	"210",	"18",	"11",	"257",	"292",	"150",	"226",	"20",	"11",	
"Sun Nov  2 22:03:26 2014",	"players/trix/castle/primonst/altarboy#6932",	"111",	"210",	"18",	"11",	"257",	"292",	"150",	"226",	"20",	"11",	
"Sun Nov  2 22:03:28 2014",	"players/trix/castle/primonst/altarboy#6932",	"93",	"210",	"18",	"11",	"257",	"292",	"145",	"226",	"20",	"11",	
"Sun Nov  2 22:03:28 2014",	"players/trix/castle/primonst/altarboy#6932",	"93",	"210",	"18",	"11",	"257",	"292",	"145",	"226",	"20",	"11",	
"Sun Nov  2 22:03:30 2014",	"players/trix/castle/primonst/altarboy#6932",	"77",	"210",	"18",	"11",	"247",	"292",	"134",	"226",	"20",	"11",	
"Sun Nov  2 22:03:30 2014",	"players/trix/castle/primonst/altarboy#6932",	"77",	"210",	"18",	"11",	"247",	"292",	"134",	"226",	"20",	"11",	
"Sun Nov  2 22:03:30 2014",	"players/trix/castle/primonst/altarboy#6932",	"77",	"210",	"18",	"11",	"247",	"292",	"134",	"226",	"20",	"11",	
"Sun Nov  2 22:03:30 2014",	"players/trix/castle/primonst/altarboy#6932",	"77",	"210",	"18",	"11",	"247",	"292",	"134",	"226",	"20",	"11",	
"Sun Nov  2 22:03:32 2014",	"players/trix/castle/primonst/altarboy#6932",	"60",	"210",	"18",	"10",	"247",	"292",	"124",	"226",	"20",	"11",	
"Sun Nov  2 22:03:32 2014",	"players/trix/castle/primonst/altarboy#6932",	"60",	"210",	"18",	"10",	"247",	"292",	"124",	"226",	"20",	"11",	
"Sun Nov  2 22:03:36 2014",	"players/trix/castle/primonst/altarboy#6932",	"47",	"210",	"18",	"10",	"241",	"292",	"120",	"226",	"20",	"11",	
"Sun Nov  2 22:03:36 2014",	"players/trix/castle/primonst/altarboy#6932",	"47",	"210",	"18",	"10",	"241",	"292",	"120",	"226",	"20",	"11",	
"Sun Nov  2 22:03:36 2014",	"players/trix/castle/primonst/altarboy#6932",	"47",	"210",	"18",	"10",	"241",	"292",	"120",	"226",	"20",	"11",	
"Sun Nov  2 22:03:38 2014",	"players/trix/castle/primonst/altarboy#6932",	"47",	"210",	"18",	"10",	"241",	"292",	"120",	"226",	"20",	"11",	
"Sun Nov  2 22:03:38 2014",	"players/trix/castle/primonst/altarboy#6932",	"27",	"210",	"18",	"10",	"231",	"292",	"109",	"226",	"20",	"11",	
"Sun Nov  2 22:03:38 2014",	"players/trix/castle/primonst/altarboy#6932",	"27",	"210",	"18",	"10",	"231",	"292",	"109",	"226",	"20",	"11",	
"Sun Nov  2 22:03:42 2014",	"players/trix/castle/primonst/altarboy#6932",	"16",	"210",	"18",	"10",	"227",	"292",	"98",	"226",	"20",	"11",	
"Sun Nov  2 22:03:42 2014",	"players/trix/castle/primonst/altarboy#6932",	"16",	"210",	"18",	"10",	"227",	"292",	"98",	"226",	"20",	"11",	
"Sun Nov  2 22:03:42 2014",	"players/trix/castle/primonst/altarboy#6932",	"16",	"210",	"18",	"10",	"227",	"292",	"98",	"226",	"20",	"11",	
"Sun Nov  2 22:03:42 2014",	"players/trix/castle/primonst/altarboy#6932",	"16",	"210",	"18",	"10",	"227",	"292",	"98",	"226",	"20",	"11",	
"Sun Nov  2 22:03:42 2014",	"players/trix/castle/primonst/altarboy#6932",	"16",	"210",	"18",	"10",	"227",	"292",	"98",	"226",	"20",	"11",	
"Sun Nov  2 22:03:42 2014",	"players/trix/castle/primonst/altarboy#6932",	"16",	"210",	"18",	"10",	"227",	"292",	"98",	"226",	"20",	"11",	
"Sun Nov  2 22:03:42 2014",	"players/trix/castle/primonst/altarboy#6932",	"16",	"210",	"18",	"10",	"227",	"292",	"98",	"226",	"20",	"11",	
"Sun Nov  2 22:03:42 2014",	"players/trix/castle/primonst/altarboy#6932",	"16",	"210",	"18",	"10",	"227",	"292",	"98",	"226",	"20",	"11",	
"Sun Nov  2 22:04:08 2014",	"players/trix/castle/primonst/altarboy#6930",	"200",	"210",	"18",	"11",	"267",	"292",	"149",	"226",	"20",	"11",	
"Sun Nov  2 22:04:10 2014",	"players/trix/castle/primonst/altarboy#6930",	"188",	"210",	"18",	"11",	"266",	"292",	"138",	"226",	"20",	"11",	
"Sun Nov  2 22:04:10 2014",	"players/trix/castle/primonst/altarboy#6930",	"188",	"210",	"18",	"11",	"266",	"292",	"138",	"226",	"20",	"11",	
"Sun Nov  2 22:04:10 2014",	"players/trix/castle/primonst/altarboy#6930",	"188",	"210",	"18",	"11",	"266",	"292",	"138",	"226",	"20",	"11",	
"Sun Nov  2 22:04:10 2014",	"players/trix/castle/primonst/altarboy#6930",	"188",	"210",	"18",	"11",	"266",	"292",	"138",	"226",	"20",	"11",	
"Sun Nov  2 22:04:12 2014",	"players/trix/castle/primonst/altarboy#6930",	"175",	"210",	"18",	"11",	"265",	"292",	"128",	"226",	"20",	"11",	
"Sun Nov  2 22:04:14 2014",	"players/trix/castle/primonst/altarboy#6930",	"171",	"210",	"18",	"11",	"263",	"292",	"117",	"226",	"20",	"11",	
"Sun Nov  2 22:04:14 2014",	"players/trix/castle/primonst/altarboy#6930",	"171",	"210",	"18",	"11",	"263",	"292",	"117",	"226",	"20",	"11",	
"Sun Nov  2 22:04:14 2014",	"players/trix/castle/primonst/altarboy#6930",	"171",	"210",	"18",	"11",	"263",	"292",	"117",	"226",	"20",	"11",	
"Sun Nov  2 22:04:14 2014",	"players/trix/castle/primonst/altarboy#6930",	"171",	"210",	"18",	"11",	"263",	"292",	"117",	"226",	"20",	"11",	
"Sun Nov  2 22:04:14 2014",	"players/trix/castle/primonst/altarboy#6930",	"171",	"210",	"18",	"11",	"263",	"292",	"117",	"226",	"20",	"11",	
"Sun Nov  2 22:04:14 2014",	"players/trix/castle/primonst/altarboy#6930",	"171",	"210",	"18",	"11",	"263",	"292",	"117",	"226",	"20",	"11",	
"Sun Nov  2 22:04:14 2014",	"players/trix/castle/primonst/altarboy#6930",	"171",	"210",	"18",	"11",	"263",	"292",	"117",	"226",	"20",	"11",	
"Sun Nov  2 22:04:14 2014",	"players/trix/castle/primonst/altarboy#6930",	"171",	"210",	"18",	"11",	"263",	"292",	"117",	"226",	"20",	"11",	
"Sun Nov  2 22:04:16 2014",	"players/trix/castle/primonst/altarboy#6930",	"159",	"210",	"18",	"11",	"250",	"292",	"107",	"226",	"20",	"11",	
"Sun Nov  2 22:04:18 2014",	"players/trix/castle/primonst/altarboy#6930",	"128",	"210",	"18",	"11",	"244",	"292",	"96",	"226",	"20",	"11",	
"Sun Nov  2 22:04:18 2014",	"players/trix/castle/primonst/altarboy#6930",	"128",	"210",	"18",	"11",	"244",	"292",	"96",	"226",	"20",	"11",	
"Sun Nov  2 22:04:18 2014",	"players/trix/castle/primonst/altarboy#6930",	"128",	"210",	"18",	"11",	"244",	"292",	"96",	"226",	"20",	"11",	
"Sun Nov  2 22:04:18 2014",	"players/trix/castle/primonst/altarboy#6930",	"128",	"210",	"18",	"11",	"244",	"292",	"96",	"226",	"20",	"11",	
"Sun Nov  2 22:04:18 2014",	"players/trix/castle/primonst/altarboy#6930",	"128",	"210",	"18",	"11",	"244",	"292",	"96",	"226",	"20",	"11",	
"Sun Nov  2 22:04:18 2014",	"players/trix/castle/primonst/altarboy#6930",	"128",	"210",	"18",	"11",	"244",	"292",	"96",	"226",	"20",	"11",	
"Sun Nov  2 22:04:18 2014",	"players/trix/castle/primonst/altarboy#6930",	"128",	"210",	"18",	"11",	"244",	"292",	"96",	"226",	"20",	"11",	
"Sun Nov  2 22:04:18 2014",	"players/trix/castle/primonst/altarboy#6930",	"128",	"210",	"18",	"11",	"244",	"292",	"96",	"226",	"20",	"11",	
"Sun Nov  2 22:04:18 2014",	"players/trix/castle/primonst/altarboy#6930",	"128",	"210",	"18",	"11",	"244",	"292",	"96",	"226",	"20",	"11",	
"Sun Nov  2 22:04:18 2014",	"players/trix/castle/primonst/altarboy#6930",	"128",	"210",	"18",	"11",	"244",	"292",	"96",	"226",	"20",	"11",	
"Sun Nov  2 22:04:20 2014",	"players/trix/castle/primonst/altarboy#6930",	"117",	"210",	"18",	"11",	"244",	"292",	"86",	"226",	"20",	"11",	
"Sun Nov  2 22:04:22 2014",	"players/trix/castle/primonst/altarboy#6930",	"95",	"210",	"18",	"11",	"239",	"292",	"75",	"226",	"20",	"11",	
"Sun Nov  2 22:04:22 2014",	"players/trix/castle/primonst/altarboy#6930",	"95",	"210",	"18",	"11",	"239",	"292",	"75",	"226",	"20",	"11",	
"Sun Nov  2 22:04:22 2014",	"players/trix/castle/primonst/altarboy#6930",	"95",	"210",	"18",	"11",	"239",	"292",	"75",	"226",	"20",	"11",	
"Sun Nov  2 22:04:22 2014",	"players/trix/castle/primonst/altarboy#6930",	"95",	"210",	"18",	"11",	"239",	"292",	"75",	"226",	"20",	"11",	
"Sun Nov  2 22:04:22 2014",	"players/trix/castle/primonst/altarboy#6930",	"95",	"210",	"18",	"11",	"239",	"292",	"75",	"226",	"20",	"11",	
"Sun Nov  2 22:04:22 2014",	"players/trix/castle/primonst/altarboy#6930",	"95",	"210",	"18",	"11",	"239",	"292",	"75",	"226",	"20",	"11",	
"Sun Nov  2 22:04:24 2014",	"players/trix/castle/primonst/altarboy#6930",	"81",	"210",	"18",	"11",	"235",	"292",	"65",	"226",	"20",	"11",	
"Sun Nov  2 22:04:24 2014",	"players/trix/castle/primonst/altarboy#6930",	"81",	"210",	"18",	"11",	"235",	"292",	"65",	"226",	"20",	"11",	
"Sun Nov  2 22:04:26 2014",	"players/trix/castle/primonst/altarboy#6930",	"59",	"210",	"18",	"11",	"222",	"292",	"54",	"226",	"20",	"11",	
"Sun Nov  2 22:04:26 2014",	"players/trix/castle/primonst/altarboy#6930",	"59",	"210",	"18",	"11",	"222",	"292",	"54",	"226",	"20",	"11",	
"Sun Nov  2 22:04:26 2014",	"players/trix/castle/primonst/altarboy#6930",	"59",	"210",	"18",	"11",	"222",	"292",	"54",	"226",	"20",	"11",	
"Sun Nov  2 22:04:26 2014",	"players/trix/castle/primonst/altarboy#6930",	"59",	"210",	"18",	"11",	"222",	"292",	"54",	"226",	"20",	"11",	
"Sun Nov  2 22:04:28 2014",	"players/trix/castle/primonst/altarboy#6930",	"36",	"210",	"18",	"11",	"222",	"292",	"44",	"226",	"20",	"11",	
"Sun Nov  2 22:04:28 2014",	"players/trix/castle/primonst/altarboy#6930",	"36",	"210",	"18",	"11",	"222",	"292",	"44",	"226",	"20",	"11",	
"Sun Nov  2 22:04:30 2014",	"players/trix/castle/primonst/altarboy#6930",	"21",	"210",	"18",	"11",	"216",	"292",	"33",	"226",	"20",	"11",	
"Sun Nov  2 22:04:30 2014",	"players/trix/castle/primonst/altarboy#6930",	"21",	"210",	"18",	"11",	"216",	"292",	"33",	"226",	"20",	"11",	
"Sun Nov  2 22:04:30 2014",	"players/trix/castle/primonst/altarboy#6930",	"21",	"210",	"18",	"11",	"216",	"292",	"33",	"226",	"20",	"11",	
"Sun Nov  2 22:04:30 2014",	"players/trix/castle/primonst/altarboy#6930",	"21",	"210",	"18",	"11",	"216",	"292",	"33",	"226",	"20",	"11",	
"Sun Nov  2 22:04:34 2014",	"players/trix/castle/primonst/altarboy#6930",	"4",	"210",	"18",	"10",	"200",	"292",	"22",	"226",	"20",	"11",	
"Sun Nov  2 22:04:34 2014",	"players/trix/castle/primonst/altarboy#6930",	"4",	"210",	"18",	"10",	"200",	"292",	"22",	"226",	"20",	"11",	
"Sun Nov  2 22:06:48 2014",	"players/trix/castle/primonst/altarboy#6928",	"187",	"210",	"18",	"11",	"279",	"292",	"226",	"226",	"20",	"11",	
"Sun Nov  2 22:06:48 2014",	"players/trix/castle/primonst/altarboy#6928",	"187",	"210",	"18",	"11",	"279",	"292",	"226",	"226",	"20",	"11",	
"Sun Nov  2 22:06:48 2014",	"players/trix/castle/primonst/altarboy#6928",	"187",	"210",	"18",	"11",	"279",	"292",	"226",	"226",	"20",	"11",	
"Sun Nov  2 22:06:52 2014",	"players/trix/castle/primonst/altarboy#6928",	"178",	"210",	"18",	"11",	"278",	"292",	"215",	"226",	"20",	"11",	
"Sun Nov  2 22:06:54 2014",	"players/trix/castle/primonst/altarboy#6928",	"152",	"210",	"18",	"11",	"276",	"292",	"204",	"226",	"20",	"11",	
"Sun Nov  2 22:06:54 2014",	"players/trix/castle/primonst/altarboy#6928",	"152",	"210",	"18",	"11",	"276",	"292",	"204",	"226",	"20",	"11",	
"Sun Nov  2 22:06:54 2014",	"players/trix/castle/primonst/altarboy#6928",	"152",	"210",	"18",	"11",	"276",	"292",	"204",	"226",	"20",	"11",	
"Sun Nov  2 22:06:54 2014",	"players/trix/castle/primonst/altarboy#6928",	"152",	"210",	"18",	"11",	"276",	"292",	"204",	"226",	"20",	"11",	
"Sun Nov  2 22:06:56 2014",	"players/trix/castle/primonst/altarboy#6928",	"130",	"210",	"18",	"11",	"274",	"292",	"194",	"226",	"20",	"11",	
"Sun Nov  2 22:06:58 2014",	"players/trix/castle/primonst/altarboy#6928",	"121",	"210",	"18",	"11",	"273",	"292",	"186",	"226",	"20",	"11",	
"Sun Nov  2 22:06:58 2014",	"players/trix/castle/primonst/altarboy#6928",	"121",	"210",	"18",	"11",	"273",	"292",	"186",	"226",	"20",	"11",	
"Sun Nov  2 22:07:00 2014",	"players/trix/castle/primonst/altarboy#6928",	"108",	"210",	"18",	"11",	"271",	"292",	"176",	"226",	"20",	"11",	
"Sun Nov  2 22:07:02 2014",	"players/trix/castle/primonst/altarboy#6928",	"102",	"210",	"18",	"11",	"270",	"292",	"165",	"226",	"20",	"11",	
"Sun Nov  2 22:07:02 2014",	"players/trix/castle/primonst/altarboy#6928",	"102",	"210",	"18",	"11",	"270",	"292",	"165",	"226",	"20",	"11",	
"Sun Nov  2 22:07:02 2014",	"players/trix/castle/primonst/altarboy#6928",	"102",	"210",	"18",	"11",	"270",	"292",	"165",	"226",	"20",	"11",	
"Sun Nov  2 22:07:02 2014",	"players/trix/castle/primonst/altarboy#6928",	"102",	"210",	"18",	"11",	"270",	"292",	"165",	"226",	"20",	"11",	
"Sun Nov  2 22:07:02 2014",	"players/trix/castle/primonst/altarboy#6928",	"102",	"210",	"18",	"11",	"270",	"292",	"165",	"226",	"20",	"11",	
"Sun Nov  2 22:07:02 2014",	"players/trix/castle/primonst/altarboy#6928",	"102",	"210",	"18",	"11",	"270",	"292",	"165",	"226",	"20",	"11",	
"Sun Nov  2 22:07:02 2014",	"players/trix/castle/primonst/altarboy#6928",	"102",	"210",	"18",	"11",	"270",	"292",	"165",	"226",	"20",	"11",	
"Sun Nov  2 22:07:02 2014",	"players/trix/castle/primonst/altarboy#6928",	"102",	"210",	"18",	"11",	"270",	"292",	"165",	"226",	"20",	"11",	
"Sun Nov  2 22:07:04 2014",	"players/trix/castle/primonst/altarboy#6928",	"88",	"210",	"18",	"11",	"261",	"292",	"155",	"226",	"20",	"11",	
"Sun Nov  2 22:07:06 2014",	"players/trix/castle/primonst/altarboy#6928",	"73",	"210",	"18",	"11",	"260",	"292",	"144",	"226",	"20",	"11",	
"Sun Nov  2 22:07:06 2014",	"players/trix/castle/primonst/altarboy#6928",	"73",	"210",	"18",	"11",	"260",	"292",	"144",	"226",	"20",	"11",	
"Sun Nov  2 22:07:08 2014",	"players/trix/castle/primonst/altarboy#6928",	"59",	"210",	"18",	"11",	"256",	"292",	"134",	"226",	"20",	"11",	
"Sun Nov  2 22:07:10 2014",	"players/trix/castle/primonst/altarboy#6928",	"41",	"210",	"18",	"11",	"249",	"292",	"123",	"226",	"20",	"11",	
"Sun Nov  2 22:07:10 2014",	"players/trix/castle/primonst/altarboy#6928",	"41",	"210",	"18",	"11",	"249",	"292",	"123",	"226",	"20",	"11",	
"Sun Nov  2 22:07:12 2014",	"players/trix/castle/primonst/altarboy#6928",	"22",	"210",	"18",	"11",	"249",	"292",	"113",	"226",	"20",	"11",	
"Sun Nov  2 22:07:12 2014",	"players/trix/castle/primonst/altarboy#6928",	"22",	"210",	"18",	"11",	"249",	"292",	"113",	"226",	"20",	"11",	
"Tue Nov 11 14:45:34 2014",	"players/trix/castle/primonst/altarboy#5719",	"169",	"210",	"18",	"11",	"287",	"292",	"221",	"226",	"20",	"11",	
"Tue Nov 11 14:45:38 2014",	"players/trix/castle/primonst/altarboy#5719",	"144",	"210",	"18",	"11",	"286",	"292",	"220",	"226",	"20",	"11",	
"Tue Nov 11 14:45:38 2014",	"players/trix/castle/primonst/altarboy#5719",	"144",	"210",	"18",	"11",	"286",	"292",	"220",	"226",	"20",	"11",	
"Tue Nov 11 14:45:38 2014",	"players/trix/castle/primonst/altarboy#5719",	"144",	"210",	"18",	"11",	"292",	"292",	"226",	"226",	"20",	"11",	
"Tue Nov 11 14:45:53 2014",	"players/trix/castle/primonst/altarboy#5719",	"111",	"210",	"18",	"11",	"248",	"292",	"225",	"226",	"20",	"11",	
"Tue Nov 11 14:45:53 2014",	"players/trix/castle/primonst/altarboy#5719",	"111",	"210",	"18",	"11",	"292",	"292",	"226",	"226",	"20",	"11",	
"Tue Nov 11 14:45:55 2014",	"players/trix/castle/primonst/altarboy#5719",	"108",	"210",	"18",	"11",	"281",	"292",	"225",	"226",	"20",	"11",	
"Tue Nov 11 14:45:55 2014",	"players/trix/castle/primonst/altarboy#5719",	"108",	"210",	"18",	"11",	"281",	"292",	"225",	"226",	"20",	"11",	
"Tue Nov 11 14:45:59 2014",	"players/trix/castle/primonst/altarboy#5719",	"93",	"210",	"18",	"11",	"280",	"292",	"214",	"226",	"20",	"11",	
"Tue Nov 11 14:45:59 2014",	"players/trix/castle/primonst/altarboy#5719",	"93",	"210",	"18",	"11",	"280",	"292",	"214",	"226",	"20",	"11",	
"Tue Nov 11 14:46:01 2014",	"players/trix/castle/primonst/altarboy#5719",	"75",	"210",	"18",	"11",	"275",	"292",	"204",	"226",	"20",	"11",	
"Tue Nov 11 14:46:03 2014",	"players/trix/castle/primonst/altarboy#5719",	"46",	"210",	"18",	"10",	"271",	"292",	"193",	"226",	"20",	"11",	
"Tue Nov 11 14:46:03 2014",	"players/trix/castle/primonst/altarboy#5719",	"46",	"210",	"18",	"10",	"271",	"292",	"193",	"226",	"20",	"11",	
"Tue Nov 11 14:46:05 2014",	"players/trix/castle/primonst/altarboy#5719",	"33",	"210",	"18",	"10",	"265",	"292",	"186",	"226",	"20",	"11",	
"Tue Nov 11 14:46:07 2014",	"players/trix/castle/primonst/altarboy#5719",	"13",	"210",	"18",	"10",	"255",	"292",	"175",	"226",	"20",	"11",	
"Tue Nov 11 14:46:07 2014",	"players/trix/castle/primonst/altarboy#5719",	"13",	"210",	"18",	"10",	"255",	"292",	"175",	"226",	"20",	"11",	
"Tue Nov 11 14:46:41 2014",	"players/trix/castle/primonst/altarboy#5717",	"193",	"210",	"18",	"11",	"279",	"292",	"225",	"226",	"20",	"11",	
"Tue Nov 11 14:46:41 2014",	"players/trix/castle/primonst/altarboy#5717",	"193",	"210",	"18",	"11",	"279",	"292",	"225",	"226",	"20",	"11",	
"Tue Nov 11 14:46:43 2014",	"players/trix/castle/primonst/altarboy#5717",	"167",	"210",	"18",	"11",	"268",	"292",	"214",	"226",	"20",	"11",	
"Tue Nov 11 14:46:43 2014",	"players/trix/castle/primonst/altarboy#5717",	"167",	"210",	"18",	"11",	"268",	"292",	"214",	"226",	"20",	"11",	
"Tue Nov 11 14:46:45 2014",	"players/trix/castle/primonst/altarboy#5717",	"154",	"210",	"18",	"11",	"259",	"292",	"204",	"226",	"20",	"11",	
"Tue Nov 11 14:46:47 2014",	"players/trix/castle/primonst/altarboy#5717",	"132",	"210",	"18",	"11",	"250",	"292",	"193",	"226",	"20",	"11",	
"Tue Nov 11 14:46:47 2014",	"players/trix/castle/primonst/altarboy#5717",	"132",	"210",	"18",	"11",	"250",	"292",	"193",	"226",	"20",	"11",	
"Tue Nov 11 14:46:47 2014",	"players/trix/castle/primonst/altarboy#5717",	"132",	"210",	"18",	"11",	"250",	"292",	"193",	"226",	"20",	"11",	
"Tue Nov 11 14:46:47 2014",	"players/trix/castle/primonst/altarboy#5717",	"132",	"210",	"18",	"11",	"250",	"292",	"193",	"226",	"20",	"11",	
"Tue Nov 11 14:46:51 2014",	"players/trix/castle/primonst/altarboy#5717",	"125",	"210",	"18",	"11",	"242",	"292",	"182",	"226",	"20",	"11",	
"Tue Nov 11 14:46:51 2014",	"players/trix/castle/primonst/altarboy#5717",	"125",	"210",	"18",	"11",	"242",	"292",	"182",	"226",	"20",	"11",	
"Tue Nov 11 14:46:53 2014",	"players/trix/castle/primonst/altarboy#5717",	"111",	"210",	"18",	"11",	"230",	"292",	"172",	"226",	"20",	"11",	
"Tue Nov 11 14:46:55 2014",	"players/trix/castle/primonst/altarboy#5717",	"86",	"210",	"18",	"11",	"229",	"292",	"161",	"226",	"20",	"11",	
"Tue Nov 11 14:46:55 2014",	"players/trix/castle/primonst/altarboy#5717",	"86",	"210",	"18",	"11",	"229",	"292",	"161",	"226",	"20",	"11",	
"Tue Nov 11 14:46:57 2014",	"players/trix/castle/primonst/altarboy#5717",	"72",	"210",	"18",	"11",	"215",	"292",	"154",	"226",	"20",	"11",	
"Tue Nov 11 14:47:01 2014",	"players/trix/castle/primonst/altarboy#5717",	"41",	"210",	"18",	"11",	"202",	"292",	"146",	"226",	"20",	"11",	
"Tue Nov 11 14:47:01 2014",	"players/trix/castle/primonst/altarboy#5717",	"41",	"210",	"18",	"11",	"252",	"292",	"196",	"226",	"20",	"11",	
"Tue Nov 11 14:47:05 2014",	"players/trix/castle/primonst/altarboy#5717",	"33",	"210",	"18",	"11",	"251",	"292",	"195",	"226",	"20",	"11",	
"Tue Nov 11 14:47:07 2014",	"players/trix/castle/primonst/altarboy#5717",	"19",	"210",	"18",	"11",	"235",	"292",	"184",	"226",	"20",	"11",	
"Tue Nov 11 14:47:07 2014",	"players/trix/castle/primonst/altarboy#5717",	"19",	"210",	"18",	"11",	"235",	"292",	"184",	"226",	"20",	"11",	
"Tue Nov 11 14:47:09 2014",	"players/trix/castle/primonst/altarboy#5717",	"7",	"210",	"18",	"11",	"230",	"292",	"174",	"226",	"20",	"11",	
"Tue Nov 11 14:47:29 2014",	"players/trix/castle/primonst/altarboy#5715",	"204",	"210",	"18",	"11",	"278",	"292",	"219",	"226",	"20",	"11",	
"Tue Nov 11 14:47:45 2014",	"players/trix/castle/primonst/altarboy#5715",	"136",	"210",	"18",	"11",	"240",	"292",	"224",	"226",	"20",	"11",	
"Tue Nov 11 14:47:45 2014",	"players/trix/castle/primonst/altarboy#5715",	"136",	"210",	"18",	"11",	"240",	"292",	"224",	"226",	"20",	"11",	
"Tue Nov 11 14:47:47 2014",	"players/trix/castle/primonst/altarboy#5715",	"120",	"210",	"18",	"11",	"231",	"292",	"215",	"226",	"20",	"11",	
"Tue Nov 11 14:47:47 2014",	"players/trix/castle/primonst/altarboy#5715",	"120",	"210",	"18",	"11",	"231",	"292",	"215",	"226",	"20",	"11",	
"Tue Nov 11 14:47:47 2014",	"players/trix/castle/primonst/altarboy#5715",	"120",	"210",	"18",	"11",	"231",	"292",	"215",	"226",	"20",	"11",	
"Tue Nov 11 14:47:47 2014",	"players/trix/castle/primonst/altarboy#5715",	"120",	"210",	"18",	"11",	"231",	"292",	"215",	"226",	"20",	"11",	
"Tue Nov 11 14:47:49 2014",	"players/trix/castle/primonst/altarboy#5715",	"106",	"210",	"18",	"11",	"224",	"292",	"209",	"226",	"20",	"11",	
"Tue Nov 11 14:47:49 2014",	"players/trix/castle/primonst/altarboy#5715",	"106",	"210",	"18",	"11",	"224",	"292",	"209",	"226",	"20",	"11",	
"Tue Nov 11 14:47:55 2014",	"players/trix/castle/primonst/altarboy#5715",	"69",	"210",	"18",	"11",	"208",	"292",	"197",	"226",	"20",	"11",	
"Tue Nov 11 14:47:55 2014",	"players/trix/castle/primonst/altarboy#5715",	"69",	"210",	"18",	"11",	"208",	"292",	"197",	"226",	"20",	"11",	
"Tue Nov 11 14:47:59 2014",	"players/trix/castle/primonst/altarboy#5715",	"57",	"210",	"18",	"11",	"197",	"292",	"196",	"226",	"20",	"11",	
"Tue Nov 11 14:47:59 2014",	"players/trix/castle/primonst/altarboy#5715",	"57",	"210",	"18",	"11",	"197",	"292",	"196",	"226",	"20",	"11",	
"Tue Nov 11 14:49:01 2014",	"players/trix/castle/primonst/altarboy#5713",	"194",	"210",	"18",	"11",	"239",	"292",	"224",	"226",	"20",	"11",	
"Tue Nov 11 14:49:07 2014",	"players/trix/castle/primonst/altarboy#5713",	"159",	"210",	"18",	"11",	"220",	"292",	"222",	"226",	"20",	"11",	
"Tue Nov 11 14:49:07 2014",	"players/trix/castle/primonst/altarboy#5713",	"159",	"210",	"18",	"11",	"220",	"292",	"222",	"226",	"20",	"11",	
"Tue Nov 11 14:49:11 2014",	"players/trix/castle/primonst/altarboy#5713",	"140",	"210",	"18",	"11",	"204",	"292",	"221",	"226",	"20",	"11",	
"Tue Nov 11 14:49:23 2014",	"players/trix/castle/primonst/altarboy#5713",	"104",	"210",	"18",	"10",	"177",	"292",	"225",	"226",	"20",	"11",	
"Tue Nov 11 14:49:23 2014",	"players/trix/castle/primonst/altarboy#5713",	"104",	"210",	"18",	"10",	"177",	"292",	"225",	"226",	"20",	"11",	
"Tue Nov 11 14:49:23 2014",	"players/trix/castle/primonst/altarboy#5713",	"104",	"210",	"18",	"10",	"177",	"292",	"225",	"226",	"20",	"11",	
"Tue Nov 11 14:49:23 2014",	"players/trix/castle/primonst/altarboy#5713",	"104",	"210",	"18",	"10",	"177",	"292",	"225",	"226",	"20",	"11",	
"Tue Nov 11 14:49:23 2014",	"players/trix/castle/primonst/altarboy#5713",	"104",	"210",	"18",	"10",	"177",	"292",	"225",	"226",	"20",	"11",	
"Tue Nov 11 14:49:23 2014",	"players/trix/castle/primonst/altarboy#5713",	"104",	"210",	"18",	"10",	"177",	"292",	"225",	"226",	"20",	"11",	
"Tue Nov 11 14:49:25 2014",	"players/trix/castle/primonst/altarboy#5713",	"76",	"210",	"18",	"10",	"177",	"292",	"215",	"226",	"20",	"11",	
"Tue Nov 11 14:49:25 2014",	"players/trix/castle/primonst/altarboy#5713",	"76",	"210",	"18",	"10",	"177",	"292",	"215",	"226",	"20",	"11",	
"Tue Nov 11 14:49:25 2014",	"players/trix/castle/primonst/altarboy#5713",	"76",	"210",	"18",	"10",	"177",	"292",	"215",	"226",	"20",	"11",	
"Tue Nov 11 14:49:29 2014",	"players/trix/castle/primonst/altarboy#5713",	"47",	"210",	"18",	"10",	"156",	"292",	"209",	"226",	"20",	"11",	
"Tue Nov 11 14:49:29 2014",	"players/trix/castle/primonst/altarboy#5713",	"47",	"210",	"18",	"10",	"156",	"292",	"209",	"226",	"20",	"11",	
"Tue Nov 11 14:49:31 2014",	"players/trix/castle/primonst/altarboy#5713",	"43",	"210",	"18",	"10",	"154",	"292",	"198",	"226",	"20",	"11",	
"Tue Nov 11 14:49:31 2014",	"players/trix/castle/primonst/altarboy#5713",	"43",	"210",	"18",	"10",	"154",	"292",	"198",	"226",	"20",	"11",	
"Tue Nov 11 14:49:33 2014",	"players/trix/castle/primonst/altarboy#5713",	"33",	"210",	"18",	"10",	"141",	"292",	"188",	"226",	"20",	"11",	
"Tue Nov 11 14:49:35 2014",	"players/trix/castle/primonst/altarboy#5713",	"19",	"210",	"18",	"10",	"140",	"292",	"177",	"226",	"20",	"11",	
"Tue Nov 11 14:49:35 2014",	"players/trix/castle/primonst/altarboy#5713",	"19",	"210",	"18",	"10",	"140",	"292",	"177",	"226",	"20",	"11",	
"Tue Nov 11 14:49:37 2014",	"players/trix/castle/primonst/altarboy#5713",	"16",	"210",	"18",	"10",	"129",	"292",	"167",	"226",	"20",	"11",	
"Tue Nov 11 14:51:06 2014",	"players/trix/castle/primonst/altarboy#5711",	"185",	"210",	"18",	"11",	"255",	"292",	"226",	"226",	"20",	"11",	
"Tue Nov 11 14:51:20 2014",	"players/trix/castle/primonst/altarboy#5711",	"148",	"210",	"18",	"10",	"235",	"292",	"225",	"226",	"20",	"11",	
"Tue Nov 11 14:51:28 2014",	"players/trix/castle/primonst/altarboy#5711",	"142",	"210",	"18",	"10",	"215",	"292",	"223",	"226",	"20",	"11",	
"Tue Nov 11 14:51:34 2014",	"players/trix/castle/primonst/altarboy#5711",	"126",	"210",	"18",	"10",	"178",	"292",	"221",	"226",	"20",	"11",	
"Tue Nov 11 14:51:34 2014",	"players/trix/castle/primonst/altarboy#5711",	"126",	"210",	"18",	"10",	"228",	"292",	"226",	"226",	"20",	"11",	
"Tue Nov 11 14:51:40 2014",	"players/trix/castle/primonst/altarboy#5711",	"104",	"210",	"18",	"10",	"205",	"292",	"225",	"226",	"20",	"11",	
"Tue Nov 11 14:51:40 2014",	"players/trix/castle/primonst/altarboy#5711",	"104",	"210",	"18",	"10",	"205",	"292",	"225",	"226",	"20",	"11",	
"Tue Nov 11 14:51:42 2014",	"players/trix/castle/primonst/altarboy#5711",	"100",	"210",	"18",	"10",	"202",	"292",	"224",	"226",	"20",	"11",	
"Tue Nov 11 14:51:46 2014",	"players/trix/castle/primonst/altarboy#5711",	"97",	"210",	"18",	"10",	"197",	"292",	"213",	"226",	"20",	"11",	
"Tue Nov 11 14:51:46 2014",	"players/trix/castle/primonst/altarboy#5711",	"97",	"210",	"18",	"10",	"197",	"292",	"213",	"226",	"20",	"11",	
"Tue Nov 11 14:51:48 2014",	"players/trix/castle/primonst/altarboy#5711",	"83",	"210",	"18",	"10",	"196",	"292",	"206",	"226",	"20",	"11",	
"Tue Nov 11 14:51:48 2014",	"players/trix/castle/primonst/altarboy#5711",	"83",	"210",	"18",	"10",	"196",	"292",	"206",	"226",	"20",	"11",	
"Tue Nov 11 14:51:48 2014",	"players/trix/castle/primonst/altarboy#5711",	"83",	"210",	"18",	"10",	"196",	"292",	"206",	"226",	"20",	"11",	
"Tue Nov 11 14:51:48 2014",	"players/trix/castle/primonst/altarboy#5711",	"83",	"210",	"18",	"10",	"196",	"292",	"206",	"226",	"20",	"11",	
"Tue Nov 11 14:51:50 2014",	"players/trix/castle/primonst/altarboy#5711",	"69",	"210",	"18",	"10",	"195",	"292",	"200",	"226",	"20",	"11",	
"Tue Nov 11 14:51:50 2014",	"players/trix/castle/primonst/altarboy#5711",	"69",	"210",	"18",	"10",	"195",	"292",	"200",	"226",	"20",	"11",	
"Tue Nov 11 14:51:52 2014",	"players/trix/castle/primonst/altarboy#5711",	"45",	"210",	"18",	"10",	"195",	"292",	"190",	"226",	"20",	"11",	
"Tue Nov 11 14:51:52 2014",	"players/trix/castle/primonst/altarboy#5711",	"45",	"210",	"18",	"10",	"195",	"292",	"190",	"226",	"20",	"11",	
"Tue Nov 11 14:53:07 2014",	"players/trix/castle/primonst/altarboy#5868",	"144",	"210",	"18",	"10",	"244",	"292",	"224",	"226",	"20",	"11",	
"Tue Nov 11 14:53:17 2014",	"players/trix/castle/primonst/altarboy#5868",	"106",	"210",	"18",	"9",	"205",	"292",	"225",	"226",	"20",	"11",	
"Tue Nov 11 14:53:17 2014",	"players/trix/castle/primonst/altarboy#5868",	"106",	"210",	"18",	"9",	"205",	"292",	"225",	"226",	"20",	"11",	
"Tue Nov 11 14:53:17 2014",	"players/trix/castle/primonst/altarboy#5868",	"106",	"210",	"18",	"9",	"205",	"292",	"225",	"226",	"20",	"11",	
"Tue Nov 11 14:53:17 2014",	"players/trix/castle/primonst/altarboy#5868",	"106",	"210",	"18",	"9",	"205",	"292",	"225",	"226",	"20",	"11",	
"Tue Nov 11 14:53:19 2014",	"players/trix/castle/primonst/altarboy#5868",	"99",	"210",	"18",	"9",	"205",	"292",	"215",	"226",	"20",	"11",	
"Tue Nov 11 14:53:19 2014",	"players/trix/castle/primonst/altarboy#5868",	"99",	"210",	"18",	"9",	"202",	"292",	"215",	"226",	"20",	"11",	
"Tue Nov 11 14:53:19 2014",	"players/trix/castle/primonst/altarboy#5868",	"99",	"210",	"18",	"9",	"202",	"292",	"215",	"226",	"20",	"11",	
"Tue Nov 11 14:53:21 2014",	"players/trix/castle/primonst/altarboy#5868",	"85",	"210",	"18",	"9",	"186",	"292",	"204",	"226",	"20",	"11",	
"Tue Nov 11 14:53:21 2014",	"players/trix/castle/primonst/altarboy#5868",	"85",	"210",	"18",	"9",	"186",	"292",	"204",	"226",	"20",	"11",	
"Tue Nov 11 14:53:23 2014",	"players/trix/castle/primonst/altarboy#5868",	"69",	"210",	"18",	"9",	"177",	"292",	"194",	"226",	"20",	"11",	
"Tue Nov 11 14:53:23 2014",	"players/trix/castle/primonst/altarboy#5868",	"69",	"210",	"18",	"9",	"177",	"292",	"194",	"226",	"20",	"11",	
"Tue Nov 11 14:53:25 2014",	"players/trix/castle/primonst/altarboy#5868",	"42",	"210",	"18",	"9",	"168",	"292",	"183",	"226",	"20",	"11",	
"Tue Nov 11 14:53:25 2014",	"players/trix/castle/primonst/altarboy#5868",	"42",	"210",	"18",	"9",	"168",	"292",	"183",	"226",	"20",	"11",	
"Tue Nov 11 14:53:27 2014",	"players/trix/castle/primonst/altarboy#5868",	"26",	"210",	"18",	"9",	"165",	"292",	"173",	"226",	"20",	"11",	
"Tue Nov 11 14:53:27 2014",	"players/trix/castle/primonst/altarboy#5868",	"26",	"210",	"18",	"9",	"165",	"292",	"173",	"226",	"20",	"11",	
"Tue Nov 11 14:53:55 2014",	"players/trix/castle/primonst/altarboy#5866",	"161",	"210",	"18",	"11",	"169",	"292",	"203",	"226",	"20",	"11",	
"Tue Nov 11 14:53:55 2014",	"players/trix/castle/primonst/altarboy#5866",	"161",	"210",	"18",	"11",	"169",	"292",	"203",	"226",	"20",	"11",	
"Tue Nov 11 14:53:57 2014",	"players/trix/castle/primonst/altarboy#5866",	"144",	"210",	"18",	"11",	"161",	"292",	"198",	"226",	"20",	"11",	
"Tue Nov 11 14:53:57 2014",	"players/trix/castle/primonst/altarboy#5866",	"144",	"210",	"18",	"11",	"161",	"292",	"198",	"226",	"20",	"11",	
"Tue Nov 11 14:53:59 2014",	"players/trix/castle/primonst/altarboy#5866",	"144",	"210",	"18",	"11",	"161",	"292",	"198",	"226",	"20",	"11",	
"Tue Nov 11 14:53:59 2014",	"players/trix/castle/primonst/altarboy#5866",	"119",	"210",	"18",	"11",	"146",	"292",	"188",	"226",	"20",	"11",	
"Tue Nov 11 14:54:01 2014",	"players/trix/castle/primonst/altarboy#5866",	"114",	"210",	"18",	"11",	"141",	"292",	"177",	"226",	"20",	"11",	
"Tue Nov 11 14:54:01 2014",	"players/trix/castle/primonst/altarboy#5866",	"114",	"210",	"18",	"11",	"141",	"292",	"177",	"226",	"20",	"11",	
"Tue Nov 11 14:54:05 2014",	"players/trix/castle/primonst/altarboy#5866",	"91",	"210",	"18",	"11",	"115",	"292",	"166",	"226",	"20",	"11",	
"Tue Nov 11 14:54:05 2014",	"players/trix/castle/primonst/altarboy#5866",	"91",	"210",	"18",	"11",	"115",	"292",	"166",	"226",	"20",	"11",	
"Tue Nov 11 14:54:09 2014",	"players/trix/castle/primonst/altarboy#5866",	"67",	"210",	"18",	"11",	"109",	"292",	"155",	"226",	"20",	"11",	
"Tue Nov 11 14:54:09 2014",	"players/trix/castle/primonst/altarboy#5866",	"67",	"210",	"18",	"11",	"109",	"292",	"155",	"226",	"20",	"11",	
"Tue Nov 11 14:55:08 2014",	"players/trix/castle/primonst/altarboy#5866",	"28",	"210",	"18",	"11",	"182",	"292",	"221",	"226",	"20",	"11",	
"Tue Nov 11 14:55:12 2014",	"players/trix/castle/primonst/altarboy#5866",	"18",	"210",	"18",	"11",	"163",	"292",	"225",	"226",	"20",	"11",	
"Tue Nov 11 14:55:12 2014",	"players/trix/castle/primonst/altarboy#5866",	"18",	"210",	"18",	"11",	"163",	"292",	"225",	"226",	"20",	"11",	
"Tue Nov 11 14:55:14 2014",	"players/trix/castle/primonst/altarboy#5866",	"4",	"210",	"18",	"11",	"163",	"292",	"215",	"226",	"20",	"11",	
"Tue Nov 11 14:55:14 2014",	"players/trix/castle/primonst/altarboy#5866",	"4",	"210",	"18",	"11",	"163",	"292",	"215",	"226",	"20",	"11",	
"Tue Nov 11 14:55:14 2014",	"players/trix/castle/primonst/altarboy#5866",	"4",	"210",	"18",	"11",	"163",	"292",	"215",	"226",	"20",	"11",	
"Tue Nov 11 14:55:14 2014",	"players/trix/castle/primonst/altarboy#5866",	"4",	"210",	"18",	"11",	"163",	"292",	"215",	"226",	"20",	"11",	
"Tue Nov 11 14:57:56 2014",	"players/trix/castle/primonst/altarboy#5864",	"182",	"210",	"18",	"11",	"261",	"292",	"221",	"226",	"20",	"11",	
"Tue Nov 11 14:57:58 2014",	"players/trix/castle/primonst/altarboy#5864",	"170",	"210",	"18",	"11",	"254",	"292",	"211",	"226",	"20",	"11",	
"Tue Nov 11 14:57:58 2014",	"players/trix/castle/primonst/altarboy#5864",	"170",	"210",	"18",	"11",	"254",	"292",	"211",	"226",	"20",	"11",	
"Tue Nov 11 14:58:00 2014",	"players/trix/castle/primonst/altarboy#5864",	"158",	"210",	"18",	"11",	"245",	"292",	"200",	"226",	"20",	"11",	
"Tue Nov 11 14:58:06 2014",	"players/trix/castle/primonst/altarboy#5864",	"119",	"210",	"18",	"11",	"232",	"292",	"189",	"226",	"20",	"11",	
"Tue Nov 11 14:58:06 2014",	"players/trix/castle/primonst/altarboy#5864",	"119",	"210",	"18",	"11",	"232",	"292",	"189",	"226",	"20",	"11",	
"Tue Nov 11 14:58:08 2014",	"players/trix/castle/primonst/altarboy#5864",	"117",	"210",	"18",	"11",	"231",	"292",	"178",	"226",	"20",	"11",	
"Tue Nov 11 14:58:12 2014",	"players/trix/castle/primonst/altarboy#5864",	"94",	"210",	"18",	"11",	"218",	"292",	"167",	"226",	"20",	"11",	
"Tue Nov 11 14:58:14 2014",	"players/trix/castle/primonst/altarboy#5864",	"71",	"210",	"18",	"11",	"218",	"292",	"161",	"226",	"20",	"11",	
"Tue Nov 11 14:58:14 2014",	"players/trix/castle/primonst/altarboy#5864",	"71",	"210",	"18",	"11",	"218",	"292",	"161",	"226",	"20",	"11",	
"Tue Nov 11 14:58:16 2014",	"players/trix/castle/primonst/altarboy#5864",	"51",	"210",	"18",	"11",	"207",	"292",	"150",	"226",	"20",	"11",	
"Tue Nov 11 14:58:18 2014",	"players/trix/castle/primonst/altarboy#5864",	"33",	"210",	"18",	"11",	"203",	"292",	"140",	"226",	"20",	"11",	
"Tue Nov 11 14:58:18 2014",	"players/trix/castle/primonst/altarboy#5864",	"33",	"210",	"18",	"11",	"203",	"292",	"140",	"226",	"20",	"11",	
"Tue Nov 11 14:58:22 2014",	"players/trix/castle/primonst/altarboy#5864",	"12",	"210",	"18",	"11",	"187",	"292",	"135",	"226",	"20",	"11",	
"Tue Nov 11 14:58:22 2014",	"players/trix/castle/primonst/altarboy#5864",	"12",	"210",	"18",	"11",	"187",	"292",	"135",	"226",	"20",	"11",	
"Tue Nov 11 14:58:22 2014",	"players/trix/castle/primonst/altarboy#5864",	"12",	"210",	"18",	"11",	"237",	"292",	"185",	"226",	"20",	"11",	
"Mon Dec 29 17:28:13 2014",	"players/catt/NPC/TEM_missionary#5128",	"62",	"100",	"9",	"5",	"283",	"292",	"225",	"226",	"20",	"11",	
"Mon Dec 29 17:28:13 2014",	"players/catt/NPC/TEM_missionary#5128",	"62",	"100",	"9",	"5",	"283",	"292",	"225",	"226",	"20",	"11",	
"Mon Dec 29 17:29:33 2014",	"players/catt/NPC/TEM_missionary#5126",	"70",	"100",	"9",	"5",	"282",	"292",	"224",	"226",	"20",	"11",	
"Mon Dec 29 17:29:33 2014",	"players/catt/NPC/TEM_missionary#5126",	"70",	"100",	"9",	"5",	"282",	"292",	"224",	"226",	"20",	"11",	
"Sun Apr 12 04:56:25 2015",	"players/catt/NPC/TEM_missionary#11309",	"52",	"100",	"9",	"5",	"277",	"292",	"150",	"226",	"20",	"11",	
"Sun Apr 12 04:56:27 2015",	"players/catt/NPC/TEM_missionary#11309",	"22",	"100",	"9",	"5",	"273",	"292",	"140",	"226",	"20",	"11",	
"Sun Apr 12 04:56:29 2015",	"players/catt/NPC/TEM_missionary#11309",	"2",	"100",	"9",	"5",	"267",	"292",	"129",	"226",	"20",	"11",	
"Sun Apr 12 04:58:43 2015",	"players/catt/NPC/TEM_missionary#11307",	"61",	"100",	"9",	"5",	"261",	"292",	"119",	"226",	"20",	"11",	
"Sun Apr 12 04:58:45 2015",	"players/catt/NPC/TEM_missionary#11307",	"42",	"100",	"9",	"5",	"255",	"292",	"108",	"226",	"20",	"11",	
"Sun Apr 12 04:58:47 2015",	"players/catt/NPC/TEM_missionary#11307",	"34",	"100",	"9",	"5",	"255",	"292",	"98",	"226",	"20",	"11",	
"Sun Apr 12 04:58:49 2015",	"players/catt/NPC/TEM_missionary#11307",	"3",	"100",	"9",	"5",	"251",	"292",	"87",	"226",	"20",	"11",	
"Sun Apr 12 04:59:10 2015",	"players/catt/NPC/TEM_missionary#11305",	"62",	"100",	"9",	"5",	"252",	"292",	"82",	"226",	"20",	"11",	
"Sun Apr 12 04:59:12 2015",	"players/catt/NPC/TEM_missionary#11305",	"49",	"100",	"9",	"5",	"250",	"292",	"72",	"226",	"20",	"11",	
"Sun Apr 12 04:59:12 2015",	"players/catt/NPC/TEM_missionary#11305",	"49",	"100",	"9",	"5",	"250",	"292",	"72",	"226",	"20",	"11",	
"Sun Apr 12 04:59:14 2015",	"players/catt/NPC/TEM_missionary#11305",	"13",	"100",	"9",	"5",	"249",	"292",	"61",	"226",	"20",	"11",	
"Sun Apr 12 04:59:36 2015",	"players/catt/NPC/TEM_missionary#11303",	"94",	"100",	"9",	"5",	"241",	"292",	"54",	"226",	"20",	"11",	
"Sun Apr 12 04:59:38 2015",	"players/catt/NPC/TEM_missionary#11303",	"60",	"100",	"9",	"5",	"240",	"292",	"43",	"226",	"20",	"11",	
"Sun Apr 12 04:59:40 2015",	"players/catt/NPC/TEM_missionary#11303",	"33",	"100",	"9",	"5",	"238",	"292",	"33",	"226",	"20",	"11",	
"Sun Apr 12 04:59:42 2015",	"players/catt/NPC/TEM_missionary#11303",	"19",	"100",	"9",	"5",	"237",	"292",	"27",	"226",	"20",	"11",	
"Sun Apr 12 05:00:00 2015",	"players/catt/NPC/TEM_missionary#11301",	"80",	"100",	"9",	"5",	"226",	"292",	"19",	"226",	"20",	"11",	
"Sun Apr 12 05:00:06 2015",	"players/catt/NPC/TEM_missionary#11301",	"37",	"100",	"9",	"5",	"223",	"292",	"7",	"226",	"20",	"11",	
"Sun Apr 12 05:00:06 2015",	"players/catt/NPC/TEM_missionary#11301",	"37",	"100",	"9",	"5",	"223",	"292",	"7",	"226",	"20",	"11",	
"Sun Apr 12 05:00:10 2015",	"players/catt/NPC/TEM_missionary#11301",	"35",	"100",	"9",	"5",	"222",	"292",	"6",	"226",	"20",	"11",	
"Sun Apr 12 05:00:44 2015",	"players/catt/NPC/TEM_missionary#11299",	"59",	"100",	"9",	"5",	"268",	"292",	"76",	"226",	"20",	"11",	
"Sun Apr 12 05:00:46 2015",	"players/catt/NPC/TEM_missionary#11299",	"41",	"100",	"9",	"5",	"267",	"292",	"65",	"226",	"20",	"11",	
"Sun Apr 12 05:00:48 2015",	"players/catt/NPC/TEM_missionary#11299",	"10",	"100",	"9",	"5",	"264",	"292",	"55",	"226",	"20",	"11",	
"Sun Apr 12 05:01:20 2015",	"players/catt/NPC/TEM_demonpriest#11461",	"228",	"250",	"15",	"12",	"269",	"292",	"89",	"226",	"20",	"11",	
"Sun Apr 12 05:01:24 2015",	"players/catt/NPC/TEM_demonpriest#11461",	"213",	"250",	"15",	"12",	"250",	"292",	"87",	"226",	"20",	"11",	
"Sun Apr 12 05:01:26 2015",	"players/catt/NPC/TEM_demonpriest#11461",	"187",	"250",	"15",	"12",	"242",	"292",	"76",	"226",	"20",	"11",	
"Sun Apr 12 05:01:34 2015",	"players/catt/NPC/TEM_demonpriest#11461",	"152",	"250",	"15",	"12",	"189",	"292",	"76",	"226",	"20",	"11",	
"Sun Apr 12 05:01:34 2015",	"players/catt/NPC/TEM_demonpriest#11461",	"152",	"250",	"15",	"12",	"239",	"292",	"126",	"226",	"20",	"11",	
"Sun Apr 12 05:01:40 2015",	"players/catt/NPC/TEM_demonpriest#11461",	"121",	"250",	"15",	"12",	"228",	"292",	"125",	"226",	"20",	"11",	
"Sun Apr 12 05:01:42 2015",	"players/catt/NPC/TEM_demonpriest#11461",	"121",	"250",	"15",	"12",	"223",	"292",	"125",	"226",	"20",	"11",	
"Sun Apr 12 05:01:42 2015",	"players/catt/NPC/TEM_demonpriest#11461",	"111",	"250",	"15",	"12",	"222",	"292",	"114",	"226",	"20",	"11",	
"Sun Apr 12 05:01:44 2015",	"players/catt/NPC/TEM_demonpriest#11461",	"109",	"250",	"15",	"12",	"216",	"292",	"104",	"226",	"20",	"11",	
"Sun Apr 12 05:01:46 2015",	"players/catt/NPC/TEM_demonpriest#11461",	"87",	"250",	"15",	"12",	"215",	"292",	"93",	"226",	"20",	"11",	
"Sun Apr 12 05:01:48 2015",	"players/catt/NPC/TEM_demonpriest#11461",	"63",	"250",	"15",	"12",	"212",	"292",	"83",	"226",	"20",	"11",	
"Sun Apr 12 05:01:50 2015",	"players/catt/NPC/TEM_demonpriest#11461",	"60",	"250",	"15",	"12",	"210",	"292",	"72",	"226",	"20",	"11",	
"Sun Apr 12 05:01:52 2015",	"players/catt/NPC/TEM_demonpriest#11461",	"44",	"250",	"15",	"12",	"209",	"292",	"67",	"226",	"20",	"11",	
"Sun Apr 12 05:02:30 2015",	"players/catt/NPC/TEM_slayer#7239",	"102",	"120",	"12",	"7",	"278",	"292",	"139",	"226",	"20",	"11",	
"Sun Apr 12 05:02:36 2015",	"players/catt/NPC/TEM_slayer#7239",	"68",	"120",	"12",	"7",	"261",	"292",	"137",	"226",	"20",	"11",	
"Sun Apr 12 05:02:38 2015",	"players/catt/NPC/TEM_slayer#7239",	"62",	"120",	"12",	"7",	"257",	"292",	"126",	"226",	"20",	"11",	
"Sun Apr 12 05:02:40 2015",	"players/catt/NPC/TEM_slayer#7239",	"48",	"120",	"12",	"7",	"254",	"292",	"116",	"226",	"20",	"11",	
"Sun Apr 12 05:02:42 2015",	"players/catt/NPC/TEM_slayer#7239",	"48",	"120",	"12",	"7",	"250",	"292",	"105",	"226",	"20",	"11",	
"Sun Apr 12 05:02:44 2015",	"players/catt/NPC/TEM_slayer#7239",	"22",	"120",	"12",	"7",	"250",	"292",	"95",	"226",	"20",	"11",	
"Sun Apr 12 05:02:46 2015",	"players/catt/NPC/TEM_slayer#7239",	"1",	"120",	"12",	"7",	"244",	"292",	"84",	"226",	"20",	"11",	
"Fri Jul 29 13:20:01 2016",	"obj/monster#3669",	"23",	"30",	"5",	"4",	"285",	"292",	"135",	"226",	"3",	"0",	
"Fri Jul 29 13:20:03 2016",	"obj/monster#3669",	"23",	"30",	"5",	"4",	"282",	"292",	"135",	"226",	"3",	"0",	
"Fri Jul 29 13:20:05 2016",	"obj/monster#3669",	"18",	"30",	"5",	"4",	"279",	"292",	"125",	"226",	"3",	"0",	
"Sun Jul 31 12:11:54 2016",	"obj/monster#2198",	"26",	"30",	"5",	"4",	"288",	"292",	"130",	"226",	"3",	"0",	
"Sun Jul 31 12:11:56 2016",	"obj/monster#2198",	"26",	"30",	"5",	"4",	"287",	"292",	"130",	"226",	"3",	"0",	
"Sun Jul 31 12:12:02 2016",	"obj/monster#2198",	"20",	"30",	"5",	"4",	"280",	"292",	"128",	"226",	"3",	"0",	
"Sun Jul 31 12:12:04 2016",	"obj/monster#2198",	"5",	"30",	"5",	"4",	"280",	"292",	"118",	"226",	"3",	"0",	
